Comments,n_stars,Label
MÃ¬nh mua iphone 15 pro max 256 mÃ u tá»± nhiÃªn má»›i mua Ä‘Æ°á»£c 3 thÃ¡ng sáº¡c má»›i 60 láº§n mÃ  mÃ¡y Ä‘Ã£ tá»¥t pin cÃ²n 97%. MÃ¬nh tÃ­nh mang ra tgdd kiá»ƒm tra. K biáº¿t pin tá»¥t nhah nhÆ° váº­y lÃ  mÃ¡y lá»—i hay sao áº¡,4,Positive
ad cho em há»i em má»›i mua con 15 bÃªn mÃ¬nh mÃ  em cáº§m Ä‘t láº¯c thÃ¬ kiá»ƒu nhÆ° cam sau nÃ³ bá»‹ hÆ¡i rung cam sau thÃ¬ cÃ³ bá»‹ gÃ¬ khÃ´ng váº­y ad,4,Positive
MÃ¡y má»›i mua chÆ°a Ä‘Æ°á»£c 1 thÃ¡ng nhÆ°ng hay bá»‹ lá»—i Panicfull vÃ  ResetCounter thÃ¬ cÃ³ Ä‘Æ°á»£c Ä‘á»•i láº¡i mÃ¡y khÃ¡c k váº­y,3,Neutral
HÃ´m qua mua ip 15prm titan xanh giÃ¡ full phá»¥ kiá»‡n lÃ  34.990 mÃ  sao giá» lÃªn xem titanxanh mÃ  giÃ¡ cÃ³ 34.490 váº­y ad,3,Neutral
"Good, Ä‘Ã£ mua má»™t cÃ¡i titan xanh, hÃ´m qua dá»©t thÃªm cÃ¡i thá»© 2 titan tá»± nhiÃªn.MÃ¬nh fan tÃ¡o tá»« thá»i 3GS tá»›i giá»",5,Positive
"MÃ¡y má»›i mua 2 thÃ¡ng Ä‘Ã£ hÆ° cá»•ng sáº¡c Type C. CÃ i gá»­i Ä‘i báº£o hÃ nh máº¥t thá»i gian. Máº¥t phÃ­ chuyá»ƒn Ä‘á»•i tá»« eSIM sang SIM váº­t lÃ½. Mong nháº­n Ä‘Æ°á»£c phÃ­ hoÃ n tráº£ 35,000 tá»« cÃ¡c báº¡n.",1,Negative
"Má»›i dÃ¹ng Ä‘Æ°á»£c 2 thÃ¡ng bÃ³c á»‘p ra lau mÃ¡y mÃ  nÃ³ trÃ³c cÃ¡i xi ra luÃ´n, tá»± nhiÃªn tháº¥y cÃ¡i mÃ¡y dá»m háº³n, anh em mua nÃ© mÃ u xanh ra nhÃ©. 14 promax mÃ u vÃ ng dÃ¹ng cáº£ nÄƒm cháº£ bá»‹ miáº¿ng xÆ°á»›c nÃ o, chÃ¡nnnnnnnn",2,Negative
cho mÃ¬nh há»i mÃ¬nh má»›i mua iphone 15pro max bÃªn mÃ¬nh nhÆ°ng sao khi sáº¡c tá»« pin dá»± phÃ²ng vÃ o nÃ³ khÃ´ng nháº­n chá»‰ nhÃ¡y bÃ¡o vÃ o sáº¡c xong máº¥t nÃ³ láº¡i bÃ¡o liÃªn tá»¥c váº­y,4,Positive
"LuÃ´n yÃªn tÃ¢m mua hÃ ng táº¡i ÄMX vÃ  TGDD, Iphone 15 Promax nháº¹ hÆ¡n 14 Promax, cáº§m cháº¯c tay, pin trÃ¢u, Titan mÃ u báº¡c Ä‘áº¹p xuáº¥t sáº¯c, nhÃ¢n viÃªn ÄXM TT. CÃ¡i Dáº§u, ChÃ¢u PhÃº, AG ráº¥t nhiá»‡t tÃ¬nh. LuÃ´n á»§ng há»™ shop",5,Positive
"NÄƒm nay khÃ´ng ngá» giÃ¡ á»Ÿ tgdÄ‘ tá»‘t nhÆ° váº­y luÃ´n ráº» hÆ¡n há»‡ thá»‘ng bÃ¡n láº» khÃ¡c. Ip 15prm ráº¥t nháº¹, cáº£m giÃ¡c cáº§m náº¯m tá»‘t. Má»—i tá»™i pin háº»o, tá»¥t hÆ¡i nhanh.",5,Positive
"Äiá»‡n thoáº¡i mÃ¬nh dÃ´ chÆ¡i game lÃ¢u lÃ¢u nÃ³ cá»© xuáº¥t hiá»‡n máº¥y Ä‘Æ°á»ng sá»c chá»›p nhoÃ¡ng táº§m 2s rá»“i máº¥t, z lá»—i nÃ y cÃ³ Ä‘Æ°á»£c Ä‘á»•i Ä‘t má»›i ko ad, mÃ¬nh chÆ°a tháº¥y ai bá»‹ lá»—i nÃ y á»Ÿ s24U. MÃ¬nh mua Ä‘t má»›i Ä‘Æ°á»£c 8 ngÃ y",5,Positive
"TÃ´i tháº¥y chÆ°a cáº£i tiáº¿n vá» khÃ³a vÃ¢ng tay, tui Ä‘ang dung mÃ¡y cÃ¡i samsum roi, khÃ³a vÃ¢ng tay kg nháº¡y j háº¿t, váº«n thua iPhone chá»— khÃ³a vÃ¢ng tay",3,Neutral
1 sao vÃ¬ pháº§n quÃ  táº·ng á»‘p lÆ°ng quÃ¡ tá»‡ á»‘p thÃ¬ cá»©ng láº¯p vÃ o thÃ¬ cÃ o xÆ°á»›c háº¿t pháº§n thÃ nh cá»§a Ä‘iá»‡n thoáº¡i.tgdd k test pháº§n quÃ  táº·ng trÆ°á»›c khi táº·ng Ã ,1,Negative
"MÃ n mÃ¬nh s24ultra nÄƒm nay xáº¥u tá»‡ , camera chá»¥p áº£nh bá»‹ noise nhiá»u , pin nhanh háº¿t , tÃ³m láº¡i thua s23ul ráº¥t xa Há»‘i háº­n khi mua s24ultra",1,Negative
"CÃ³ chá»©c nÄƒng gá»i Ä‘iá»‡n, truy cáº­p Internet qua WiFi, chá»¥p hÃ¬nh áº£nh, quay video clip. CÃ³ thá»ƒ táº£i zalo vá» Ä‘á»ƒ gá»i Ä‘iá»‡n. PhÃ¡t wifi tá»‘c Ä‘á»™ cao.",5,Positive
"Äáº·t cá»c Ä‘á»ƒ sá»Ÿ há»¯u sá»›m mÃ  giÃ¡ cao hÆ¡n ko cá»c, láº¡i cÃ²n khÃ´ng Ä‘Æ°á»£c táº·ng tai nghe ná»¯a, quÃ¡ chÃ¡n. Tgdd lÃ m Äƒn kiá»ƒu nÃ y sáº½ sá»›m máº¥t hÃªt khÃ¡ch hÃ ng",1,Negative
"Äáº·t cá»c trÆ°á»›c, lÃ  1 trong nhá»¯ng ngÆ°á»i Ä‘áº§u tiÃªn sá»Ÿ há»¯u báº£n thÆ°Æ¡ng máº¡i mÃ  giá» mua online giÃ¡ cÃ²n ráº» hÆ¡n láº¡i cÃ³ thÃªm quÃ  ná»¯a. Nay cáº¡ch TGDÄ luÃ´n",1,Negative
"Mua Ä‘áº·t cá»c mÃ  giÃ¡ Ä‘áº¯t hÆ¡n cáº£ ko cá»c. CÃ¡ch nhau cÃ³ 1 tuáº§n mÃ  giÃ¡ cÃ¡ch nhau 5 triá»‡u. Tháº¿ nÃ y thÃ¬ láº§n sau sang chá»— khÃ¡c mua thÃ´i, tá»« bá» tgdd luÃ´n",4,Positive
TÃ´i mua 3 cÃ¡i. Äáº·t cá»c trÆ°á»›c. Giáº£m tá»•ng 6tr. MÃ  bÃ¢y giá» giÃ¡ vÃ  quÃ  táº·ng cÃ²n giÃ¡ trá»‹ hÆ¡n cáº£ viá»‡c Ä‘áº·t cá»c trÆ°á»›c. TÃ´i khÃ´ng hiá»ƒu chÃ­nh sÃ¡ch bÃ¡n hÃ ng cá»§a TGDD nhÆ° tháº¿ nÃ o ná»¯a,1,Negative
"ai nÃ³i sao chá»©, tui má»›i mua dc 3 ngÃ y sÃ i tháº¥y Ãªm láº¯m mÃ  ta, pin trÃ¢u, tá»‘c Ä‘á»™ sá»­ lÃ½ cÅ©g nhanh, mÃ¡y cÅ©ng khÃ´g nÃ³ng máº¥y chá»‰ áº¥m lÃªn 1 chÃºt thÃ´i. noi chug mÃ¡y Ä‘áº¹p sÃ i Ãªm",5,Positive
"Má»›i mua Ä‘Æ°á»£c 1 thÃ¡ng 2 ngÃ y nhÆ°ng pin tuá»™t nhanh, mÃ¡y dÃ¹ng Ä‘Æ°á»£c khoáº£ng hÆ¡n 15p lÃ  bá»‹ nÃ³ng, Ä‘Ã´i lÃºc xem video bá»‹ Ä‘Æ¡ mÃ n hÃ¬nh Thua con Oppo F7 lÃºc trÆ°á»›c xa",3,Neutral
MÃ¡y tá»‘t pin cÅ©ng ok Ä‘áº·c biá»‡t vÃ o máº¡ng khá»e tÃ´i ráº¥t hÃ i lÃ²ng vá» sáº£n pháº©m mong sao dÃ¹ng bá»n theo nÄƒm thÃ¡ng,5,Positive
Äc má»—i cÃ¡i mÃ n cong 120hz.sáº¡c nhanh 67w.cÃ²n má»i thá»© thua cÃ¡i Ä‘t 6tr...máº¡ng lÃ¡c dáº­t..pin xáº£ nhÆ° Ä‘iá»‡n..sÃ i cÃ¡i Vivo s1 pro 5 nÄƒm..bá»‹ lá»—i men má»›i Ä‘á»•i sang con nÃ y..háº¿t ham..má»›i Ä‘á»•i chÆ°a Ä‘c thÃ¡ng,3,Neutral
mÃ¡y dÃ¹ng cung okela chá»‰ cÃ³ cÃ¡i lÃ  má»—i khi vÃ´ á»©ng dá»¥ng lÃ  wifi láº¡i yáº¿u bá»›t háº³n vÃ  chÆ°a cÃ³ kÃ­nh cÆ°á»ng lá»±c áº¡,4,Positive
"MÃ¡y SÃ i cÅ©ng Ä‘c . NhÆ°ng bÃ¬n tuá»™t nhanh quÃ¡. NgÃ y sáº¯c 5 , 6 láº§n . CÃ²n thá»«a cáº£ mÃ¡y Samsung A50. SÃ i 4 5 nÄƒm .",3,Neutral
MÃ¬nh cÃ³ mua oppo reno11 5G bá»‹ lá»—i mÃ n hÃ¬nh 1 Ä‘á»•i 1 nhanh láº¹.nv nhiá»‡t tÃ¬nh...dÃ¹ mk cÃ³ tháº¯c máº¯t nhiá»u chuyá»‡n thÃ¬ cÃ¡c báº¡n cÅ©ng giáº£i Ä‘Ã¡p má»i cÃ¢u há»i.mÃ¬nh dÃ nh cho cÃ¡c báº¡n 5,5,Positive
Pin dÃ¹ng Ä‘Æ°á»£c 1 ngÃ y. HÆ¡i nÃ³ng mÃ¡y khi quay phim chá»¥p hÃ¬nh liÃªn tá»¥c. áº¢nh chá»¥p cho ra bá»©c áº£nh Ä‘áº¹p ko áº£o.... NÃ³i chung dÃ¹ng chá»¥p hÃ¬nh thÃ¬ vÃ´ Ä‘á»‘i trong táº§m giÃ¡ Ä‘t chÃ­nh hÃ£ng.,4,Positive
T má»›i mua Ä‘t nÃ y.. mang sang nÆ°á»›c ngoÃ i Ä‘á»ƒ dÃ¹ng . NhÆ°ng mÃ¡y láº¯p sim vÃ o k dÃ¹ng Ä‘c.. giá» muá»‘n tráº£ láº¡i cÃ³ Ä‘c ko..,4,Positive
LÃ m Æ¡n há»™ trá»£ mÃ¬nh vá»›i. MÃ¬nh vá»«a mua mÃ¡y vÃ o Facebook cÃ¡c bÃ i cÃ³ Ä‘Æ°á»ng link nhÆ°ng ko áº¥n vÃ o Ä‘Æ°á»ng link Ä‘á»ƒ xem Ä‘Æ°á»£c. LÃ  bá»‹ sao,3,Neutral
"MÃY MUA ÄÆ¯á»¢C 7 THÃNG MÃ€N HÃŒNH Bá»Š Sá»ŒC MÃ€U TRáº®NG XANH VÃ€NG Äá»,Gá»¬I ÄI Báº¢O HÃ€NH HÆ N 1 TUáº¦N Rá»’I,KHÃ”NG BIáº¾T NHÆ¯ THáº¾ NÃ€O,Ráº¤T BUá»’N...",1,Negative
Äáº¹p cáº§m vá»«a tay gá»n thÃªm á»‘p ná»¯a lÃ  ok MÃ¬nh mua Ä‘c hÆ¡n 1th r chÆ°a tháº¥y váº¥n Ä‘á» gÃ¬ NhÃ¢n viÃªn TGDÄ phÆ°Æ¡ng lÃ¢m tÃ¢n phÃº Ä‘á»“ng nai phá»¥c vá»¥ khÃ¡ch hÃ ng ráº¥t tá»‘t vui váº» chá»‰n chu cÃ i Ä‘áº·t tá»« a Ä‘áº¿n z ráº¥t Æ°ng Ã½,5,Positive
"Em má»›i dÃ¹ng ip chÆ°a Ä‘áº§y 1 thÃ¡ng nhÆ°ng má»—i láº§n sáº¡c Ä‘á»u nÃ³ng cÃ³ á»•n khÃ´ng z áº¡, em nghe nÃ³i nÃ³ng quÃ¡ sáº½ bá»‹ chay pin, em k vá»«a dÃ¹ng vá»«a sáº¡c váº«n nÃ³ng áº¡",3,Neutral
"Anh/ chá»‹ em sinh Ä‘Ã´i khi cÃ i face id trÃªn iphone 13, ngÆ°á»i nÃ y váº«n má»Ÿ khoÃ¡ face id trÃªn Ä‘iá»‡n thoáº¡i cá»§a ngÆ°á»i kia Ä‘Æ°á»£c. Äiá»u nÃ y khÃ´ng tháº­t sá»± báº£o máº­t trÃªn thiáº¿t bá»‹ iphone nhÆ° mÃ¬nh nghÄ©",4,Positive
"MÃ¬nh mua vÃ  sá»­ dá»¥ng cá»§ng Ä‘Æ°á»£c vÃ i thÃ¡ng rÃ²i ,mua vÃ¬ hÃ ng Ä‘áº­p há»™p cho an tÃ¢m nÃ o dÃ¨ sÃ i chÃ¡n ,mÃ¡y nÃ³ng mau tuá»™t pin ,60hz cháº­m , mÃ u há»“ng Ä‘áº¹p",2,Negative
"Sao mÃ¬nh mua dÃ¹ng Ä‘c 6 ngÃ y mÃ  bÃ n phÃ­m Ä‘ang Ä‘Ã¡nh chá»¯ nÃ³ cá»© tá»± nháº£y sang sá»‘ lÃ  sao nhá»‰, cÃ³ pháº£i bá»‹ lá»—i cáº£m á»©ng ko",4,Positive
Má»¥c Ä‘Ã­ch mÃ¬nh sá»­ dá»¥ng Ä‘Æ¡n giáº£n lÃªn cÅ©ng cháº³ng biáº¿t Ä‘Ã¡nh giÃ¡ sao. NhÆ°ng cÃ³ Ä‘áº·c Ä‘iá»ƒm lÃ  mÃ¬nh khÃ´ng cÃ²n tháº¥y nhá»©c má»i máº¯t nhÆ° lÃºc mÃ¬nh dÃ¹ng oppo vÃ  live. Nghe gá»i Ä‘Ã¢y doc nÃ©t ko bá»‹ váº¥p,5,Positive
Mua vá» chÆ°a dÃ¹ng Ä‘Æ°á»£c má»™t tá»‘i. ÄÃ£ lá»—i ko nháº­n sim. Káº¿t quáº£ pháº£i gá»­i báº£o hÃ nhâ€¦. BÃ¢y giá» chá» 15 ngÃ y ná»¯a ko biáº¿t cÃ³ mÃ¡y dÃ¹ng ko. Bá» tiá»n mua ráº¯c rá»‘i bá»±c tá»©c ğŸ˜©ğŸ˜©ğŸ˜¡ğŸ˜¡,1,Negative
"Äá»‘i vá»›i mÃ¬nh mÃ¡y ok, cÃ³ 1 váº¥n Ä‘á» lÃ  vÃ o camera chá»¥p hÃ¬nh thÃ¬ tÃ­ bá»‹ vÄƒng ra. BÃªn tgdd cÃ³ cÃ¡ch nÃ o kháº¯c phá»¥c khÃ´ng, mÃ¬nh cÅ©ng khá»Ÿi Ä‘á»™ng láº¡i thiáº¿t bá»‹ rá»“i. Hay cáº§n ra trá»±c tiáº¿p cá»­a hÃ ng áº¡.",4,Positive
"MÃ¡y dÃ¹ng dc 6 thÃ¡ng thÃ¬ nÃ³ng , ko lÃªn nguá»“n. Gá»­i Ä‘i báº£o hÃ nh 10 ngÃ y . Chiá»u ra DMX láº¥y vá» thÃ¬ tiáº¿p tá»¥c nÃ³ng, ko lÃªn nguá»“n. QuÃ¡ phiá»n phá»©c, áº£nh hÆ°á»Ÿng Ä‘áº¿n cÃ´ng viá»‡c.",1,Negative
Má»›i mua Ä‘Æ°á»£c 5 thÃ¡ng mÃ  bá»‹ há»¡ keo bung mÃ ng rÃ¡ng Ä‘em gá»­i báº£o hÃ nh hi vá»ng sáº½ trá»Ÿ vá» tráº¡ng thÃ¡i ban Ä‘áº§u,1,Negative
Cuá»™c tÃ¬nh dÃ¹ Ä‘Ãºng hay sai thÃ¬ xem pháº§n bÃ¬nh luáº­n vÃ  Ä‘Ã¡nh giÃ¡ cá»§a iphone váº«n cáº£m tháº¥y yÃªn tÃ¢m nháº¥t. CÃ¡c hÃ£ng khÃ¡c tháº¥y toÃ n bá»‹ chÃª,5,Positive
Thá»i gian trÆ°á»›c hay mua quÃ¡n láº» á»Ÿ ngoÃ i mÃ¡y kÃ©m cháº¥t lÆ°á»£ng. Tá»« khi mua mÃ¡y tá»« thá»i iphon 6s tá»›i 13 sÃ i mÃ¡y tgdd yÃªn tÃ¢m tháº­t .,5,Positive
Sáº£m pháº§m dÃ¹ng sau gáº§n 3 thÃ¡ng khÃ¡ ok. Thá»i lÆ°á»£ng pin tá»‘t. Tráº£i nghiá»‡m hiá»‡u nÄƒng tá»‘t. MÃ¡y áº£nh dÃ¹ng má»©c khÃ¡ so vá»›i dÃ²ng Flaship,5,Positive
MÃ¡y bá»‹ lá»—i mÃ n hÃ¬nh hÃªn lÃ  cÃ²n báº£o hÃ nh nÃªn Ä‘c thay miá»…n phÃ­. Äem Ä‘i báº£o hÃ nh cÅ©ng máº¥t há»›n 1 thÃ¡ng má»›i cÃ³ mÃ¡y. NghÄ© váº«n tá»©c tá»± nhiÃªn bá»‹ thay linh kiá»‡n trong khi lá»—i Ä‘Ã³ Ä‘Ã¢u pháº£i mk gÃ¢y ra.,2,Negative
"Ãši qua vá»«a Ä‘i mua xong pháº£i nÃ³i lÃ  chim Æ°ng nhaa. NhÃ¢n viÃªn tÆ° váº¥n nhiá»‡t tÃ¬nh ná»¯a, dÃ¹ng thÃ­ch láº¯m luÃ´n. MÃ u Há»“ng Ä‘áº¹p thá»±c sá»±",5,Positive
"CÃ¡i Ä‘áº§u tiÃªn lÃ  mÃ u gáº¥c xink nha, Ä‘Ãºng mÃ u mÃ¬nh thÃ­ch Sá»­ dá»¥ng á»•n tá»‘t, má»›i sá»­ dá»¥ng Ä‘c hÆ¡n tuáº§n nÃªn má»i thá»© váº«n okela chÆ°a cÃ³ lá»—i gÃ¬",5,Positive
MÃ¬nh xÃ i Ä‘Æ°á»£c gáº§n 4 thÃ¡ng nhÆ°ng tÃ¬nh tráº¡ng pin cá»§a mÃ¬nh lÃ  99% dÃ¹ mÃ¬nh xÃ i ráº¥t ká»¹ Ä‘á»§ pin má»›i rÃºt ra vÃ  Ä‘á»§ 100% pin nhoÃ¨ ká»¹ thuáº­t cho mÃ¬nh há»i váº¥n Ä‘á» nÃ y ?,3,Neutral
MÃ¬nh mua xÃ i Ä‘Æ°á»£c 2 thang minh xÃ i ráº¥t ká»¹ dung á»‘p lÆ°ng vÃ  may k he bá»‹ rá»›t.nhÆ°ng ma khi thao á»‘p lÆ°ng ra vien cá»§a may bi nhÃ¢m nhÃ¢m canh viÃªn nhÆ° bi troc son vay.,2,Negative
RÃµ láº§n Ä‘áº§u chuyá»ƒn sang iPhone mÃ  gáº·p trÆ°á»ng há»£p bá»‹p 13/11 mÃ  cÃ³ sÃ i báº£o ve cam hay j mÃ  viá»n cam nhÆ° Ä‘Ã£ bá»‹ láº¯p cáº§n lá»i giáº£i thÃ­ch,2,Negative
"MÃ¡y dÃ¹ng á»•n, mÆ°á»£t mÃ , pin khÃ¡ lÃ¢u, cÅ©ng Ä‘Æ°á»£c taam 1 ngÃ y náº¿u dÃ¹ng nhiá»u. MÃ¬nh má»›i chuyá»ƒn tá»« androi sang ios nÃªn chÆ°a quen tay láº¯m. ÄÃ¡nh giÃ¡ mÃ¡y 10 Ä‘iá»ƒm thÃ¬ Ä‘Ã¡nh giÃ¡ nhÃ¢n viÃªn 10+ luÃ´n, ráº¥t Æ°ng Tgdd.",5,Positive
sá»­ dá»¥ng 3 thÃ¡ng tÃ¬nh tráº¡ng pin cÃ²n 99%. máº·c dÃ¹ sá»­ dá»¥ng ráº¥t cáº©n tháº­n vÃ  sáº¡c pin tuÃ¢n thá»§ sáº¡c Ä‘áº§y 100% má»›i sá»­ dá»¥ng.,3,Neutral
Sao lÃºc báº­t máº¡ng 4g mÃ  nÃ³ nháº¥p nhÃ¡y máº¥y cÃ¡i chá»— báº­t máº¡ng váº­y.ngÃ y xÆ°a dÃ¹ng há»‡ Ä‘iá»u hÃ nh cÅ© bá»‹.lÃªn báº£n cáº­p nháº­p má»›i lÃºc Ä‘áº§u k bá»‹ giá» cá»© báº­t táº¯t máº¡ng lÃ  nÃ³ cá»© nháº¥p nhÃ¡y Ã ,3,Neutral
"TrÃªn há»‡ thá»‘ng thÃ¬ cáº­p nháº­t cÃ²n 6 thÃ¡ng báº£o hÃ nh mÃ  khi nháº­n mÃ¡y thÃ¬ chá»‰ cÃ²n 3 thÃ¡ng bhanh, nÃªn cáº­p nháº­t tt chÃ­nh xÃ¡c hÆ¡n, vÃ¬ cáº§n mÃ¡y nÃªn má»›i láº¥y chá»© k lÃ  gá»­i láº¡i rá»“i",3,Neutral
"Mua Ä‘t á»Ÿ tgdd f1, nhÆ°ng Ä‘á»£i bÃ n giao Ä‘th hÆ¡i bá»‹ lÃ¢u hÆ¡n 1h má»›i xong. Cáº£m nháº­n vá» con 13 cá»§a mÃ¬nh lÃ  mÆ°á»£t cute láº¯m, xÃ i thoáº£i mÃ¡i cáº£ ngÃ y má»›i háº¿t pin",4,Positive
"Äiá»‡n thoáº¡i tuy dÃ¹ng tá»‘t nhÆ°ng chá»‰ Ä‘Æ°á»£c táº·ng má»—i dÃ¢y sáº¡c, trong khi cá»§ sáº¡c nÃ³ láº¡i khÃ¡c vá»›i cÃ¡c dÃ²ng ip trÆ°á»›c Ä‘Ã¢y, tai nghe cÅ©ng khÃ´ng",4,Positive
Tháº­t sá»©ng Ä‘Ã¡ng Ä‘á»“ng tiá»n bá» ra mua con nÃ y sÃ i quÃ¡ ok vá»›i láº¡i nhÃ¢n viÃªn nhiá»‡t tÃ¬nh vÃ  thÃ¢n thiá»‡n cho 10 sao luÃ´n ğŸ˜‚ğŸ˜‚,5,Positive
"Tggd o 1077 háº­u Giang quáº­n 6 may a c o6 Ä‘Ã¢y u phá»¥c vá»¥ khÃ¡ch hÃ ng ráº¥t nhiá»‡t tÃ¬nh, cáº£m Æ¡n a nháº­t ráº¥t nhÃ¬u áº¡",5,Positive
"hÃ i lÃ²ng , nv nhiá»‡t tÃ¬nh, mÃ¡y tá»‘t, mÃ¡y há»“ng, nguyÃªn seal ko cÃ³ gÃ¬ Ä‘á»ƒ chÃª cáº£. nhÃ¢n viÃªn cá»­a hÃ ng 26 phan Ä‘Äƒng lÆ°u bÃ¬nh tháº¡nh phá»¥c vá»¥ ráº¥t tá»‘t, nhanh chÃ³ng , ráº¥t nhiá»‡t tÃ¬nh, hi vá»ng mÃ¡y bá»n, dÃ¹ng á»•n.",5,Positive
MÃ¬nh má»›i dÃ¹ng Ä‘Æ°á»£c hÆ¡n má»™t thÃ¡ng mÃ  pin tá»¥t cÃ²n 99% trong khi Ä‘Ã³ minh ko chÆ¡i game chi sá»­ dá»¥ng Ä‘á»ƒ nghe gá»i máº¡ng xÃ£ há»™i vÃ  cÅ©ng sac pin Ä‘Ãºng cÃ¡ch,3,Neutral
"Sáº£n pháº©m cá»§a TGDD tÃ´i ráº¥t hÃ i lÃ²ng nha, mua mÃ¡y tá»« 28/10 lÃºc mÃ¡y vá»«a bÃ¡n xÃ i Ä‘áº¿n nay Ä‘Ã£ gáº§n 5 thÃ¡ng mÃ  mÃ¡y váº«n 100% pin táº¥t cáº£ Ä‘á»u mÆ°á»£t á»§ng há»™ TGDD",5,Positive
MÃ¬nh dÃ¹ng vÃ  vÃ  tráº£i nghiá»‡m hiá»‡u nÄƒng ráº¥t tá»‘t. CÃ³ Ä‘iá»u mÃ n hÃ¬nh do iphone báº£o vá»‡ máº¯t ngÆ°á»i dÃ¹ng lÃªn ko xuáº¥t sáº¯c nhÆ° Ä‘á»i iphon6s (hÆ¡i ngáº£ vÃ ng) dÃ¹ng lÃ¢u cÅ©ng quen. Cáº§n náº¯m thao tacx tá»‘t,5,Positive
"Má»›i dÃ¹ng Ä‘Æ°á»£c hÆ¡n thÃ¡ng. Má»i thá»© Ä‘á»u á»•n, cÃ²n vá» lÃ¢u dÃ i thÃ¬ sau nÃ y má»›i biáº¿t Ä‘c. TÃ³m láº¡i ok vá»›i giÃ¡ tiá»n bá» ra",4,Positive
"MÃ¬nh tháº¥y dÃ¹ng á»•n, cÃ¡c tÃ­nh nÄƒng oke, pin á»•n, Ä‘Ã¡ng mua, nhá» gá»n ná»¯a, mÃ¬nh tháº¥y dá»… cáº§m láº¯m. CÃ³ Ä‘iá»u mÃ¬nh cáº£m giÃ¡c bÃ n phÃ­m k Ä‘Æ°á»£c nháº¡y.",5,Positive
"cam chÃ­nh chá»¥p gáº§n bá»‹ out nÃ©t, quay video cÅ©ng váº­y, cÃ²n láº¡i thÃ¬ cáº¥u hÃ¬nh siÃªu máº¡nh, mÃ n hÃ¬nh Ä‘áº¹p, pin trÃ¢u, Ä‘Ã¡ng mua náº¿u má»©c giÃ¡ giáº£m chÃºt ná»¯a, cÃ²n ai nhiá»u tiá»n thÃ¬ chÆ¡i thÃ´i :v",4,Positive
Má»›i mua chÆ°a Ä‘áº§y 2 thÃ¡ng mÃ  Ä‘Ã£ vÃ´ app giáº­t. Äem báº£o hÃ nh 1 láº§n váº«n bá»‹. Giá» nháº¯n pháº£i Ä‘em xuá»‘ng táº­n hÃ£ng. Mua máº¯c tiá»n mÃ  xÃ i ko bá»n so vá»›i giÃ¡.,2,Negative
"mÃ¡y má»›i ngon, mÃ  sao cá»© bá»‹ máº¥t sÃ³ng sim Ä‘á»™t ngá»™t lÃ m mÃ¬nh khÃ´ng duy trÃ¬ gá»i Ä‘Æ°á»£c, ban Ä‘Ãªm hÆ¡i hao pin nhá»¯ng 8%",5,Positive
"MÃ¬nh Ä‘á»£i vÃ  mua Ä‘Æ°á»£c Ä‘Ãºng con mÃ¡y mÃ u há»“ng xinh láº¯m, mÃ¡y mÆ°á»£t, pin trÃ¢u, náº¿u ai khÃ´ng quan trá»ng mÃ n hÃ¬nh 60Hz vÃ  120Hz vá»›i 2 so vá»›i 3 camera thÃ¬ nÃªn mua nhÃ©",5,Positive
Pin trÃ¢u nhÆ°g chÆ¡i cÃ³ lÃºc mÃ¡y nÃ³ng muá»‘n ná»•. MÃ  ko bt do mÃ¡y hay do mÃ¬nh cáº­p nháº­t lÃªn ios 15.2 pháº£i. NhÆ°g khuyÃªn mn ko nÃªn cáº­p nháº­t ios 15.2 mÃ¡y hay Ä‘Æ¡ vá»›i nÃ³ng,4,Positive
"sáº¡c nhanh ráº¥t tiá»‡n. pin khá»e dÃ¹ng cáº£ ngÃ y liÃªn tá»¥c má»›i háº¿t pin. thiáº¿t káº¿ gá»n nháº¹ trong lÃ²ng bÃ n tay, mÃ u há»“ng ráº¥t xinh",5,Positive
Táº¥t cáº£ Ä‘iá»u ok chá»‰ duy nháº¥t dÃ¹ng 2 sim gá»i messeger thÃ¬ bá»‹ lag giáº­t . Ko gá»i Ä‘c zalo thÃ¬ dÃ¹ng ok táº¯t 1 sim Ä‘á»ƒ 1 sim thÃ¬ láº¡i gá»i mesesge bÃ¬nh thÆ°á»ng ae ai xÃ i 13 thá»­ xem cÃ³ bá»‹ giá»‘ng mÃ¬nh ko ?,4,Positive
Em cÅ©ng má»›i mua 1 tuáº§n mÃ  sao sáº¡c 20w cá»Ÿ 60 70% láº¡i bá»‹ nÃ³ng lÃªn . Rá»“i khi Ä‘ag sá»­ dá»¥ng cÅ©ng nÃ³ng thÃ¬ cÃ³ bá»‹ s k áº¡,3,Neutral
HÃ´m nay má»›i mua Ä‘t á»Ÿ tgdt cÃ³ tháº¯c máº¯c lÃ  khi gÃµ vÃ o mÃ n hÃ¬nh thÃ¬ kÃªu bá»™p bá»™p nhÆ° bá»‹ rá»—ng váº­y? KhÃ´ng biáº¿t cÃ³ pháº£i mÃ¡y nÃ o cÅ©ng váº­y khÃ´ng áº¡?,3,Neutral
MÃ¬nh cÃ³ mua cÃ¡i iphone mÃ u há»“ng ngÃ y 18/12 mÃ  giá» mÃ¬nh muá»‘n Ä‘á»•i láº¡i cÃ¡i mÃ u tráº¯ng thÃ¬ pháº£i bÃ¹ bnhieu v shop?,4,Positive
+ pin trÃ¢u + cam thiáº¿u tele zoom xa hÆ¡i báº¥t tiá»‡n + máº¡ng 4g khÃ´ng á»•n Ä‘á»‹nh trá»« 1 sao + sÃ³ng sÃ¡nh khÃ´ng á»•n khi dÃ¹ng 2 sim trá»« 1 sao,3,Neutral
Äiá»‡n thoáº¡i e má»—i khi Ä‘iá»‡n bÃªn kia nghe lÃ  bá»‹ máº¥t tiáº¿g cÃ³ tiáº¿ng khÃ´ng trong khi Ä‘Ã³ máº¡ng ráº¥t bth mÃ  mÃ¡y cÅ© xÃ i máº¥y nÄƒm Ä‘iá»‡n thÃ¬ ko bá»‹ tÃ¬nh tráº¡ng nhÆ° váº­y,3,Neutral
"Mua 2 cÃ¡i nhÆ°ng 1 cÃ¡i bá»‹ lá»—i phÃ­m tÄƒng Ã¢m lÆ°á»£ng, mang ra cá»­a hÃ ng vÃ  Ä‘Æ°á»£c Ä‘á»•i cÃ¡i má»›i. NhÃ¢n viÃªn ráº¥t nhiá»‡t tÃ¬nh vÃ  thÃ¢n thiá»‡n.",5,Positive
MÃ¡y máº¡nh. Pin trÃ¢u chá»¥p hÃ¬nh Ä‘áº¹p. Chá»‰ cÃ³ sÃ i mÃ n hÃ¬nh to riáº¿t nhÃ¬n mÃ n hÃ¬nh nhá» ko quen. CÃ¡c ban nv tÆ° váº¥n nhiá»‡t tÃ¬nh ráº¥t ok,5,Positive
"MÃ¡y ngon, pin trÃ¢u, chá»¥p hÃ¬nh Ä‘áº¹p, chá»¥p Ä‘Ãªm Ä‘á»‰nh, sáº¡c nhanh Ä‘áº§y tá»« 9h sÃ¡ng hÃ´m trÆ°á»›c mÃ  12h trÆ°a hÃ´m sau váº«n cÃ²n 30% VÃ i nÄƒm ná»¯a cÃ³ tiá»n sáº½ tiáº¿p tá»¥c lÃªn Ä‘á»i iPhone, lÃºc trÆ°á»›c xÃ i android chÃ¡n láº¯m",5,Positive
"Láº¥y hÃ ng hÃ´m 31/10, mÃ u há»“ng xinh xÄ©u... pin trÃ¢u cá»±c kÃ¬. Chá» Ä‘á»£i ná»­a thÃ¡ng thÃ¬ áº»m cÅ©ng vá» vá»›i mÃ¬nh. Æ¯ng gÃ¬ Ä‘Ã¢u luÃ´n Ã¡.",5,Positive
"vá»«a má»›i nháº­n ngÃ y 27,tráº£i nghiá»‡m Ä‘Æ°á»£c 4 ngÃ y, pin cá»±c trÃ¢u, chá»¥p hÃ¬nh Ä‘áº¹p.NhÃ¢n viÃªn tÆ° váº¥n ráº¥t chuyÃªn nghiá»‡p, nhiá»‡t tÃ¬nh.",5,Positive
Cam Ä‘áº¹p mÃ n hÃ¬nh ráº¥t Ä‘áº¹p vÃ  sÃ¡ng hÆ¡n 12. ÄÃ¡ng Ä‘á»ƒ nÃ¢ng cáº¥p nhÃ© ae. Tá»« nhÃ¢n viÃªn Ä‘áº¿n quáº£n lÃ½ siá»‡u thá»‹ 113 nguyá»…n há»‡u tx bÃ¬nh long ráº¥t nhiá»‡t tÃ¬nh vÃ  chu Ä‘Ã¡o,5,Positive
NÃ³i chung sÃ i trong hÆ¡n má»™t thÃ¡ng qua má»i thá»© Ä‘á»u tá»‘t chÆ°a cÃ³ váº¥n Ä‘á» gÃ¬ báº­n tÃ¢m cáº£ cÃ²n vá» sau thÃ¬ chÆ°a giÃ¡m Ä‘Ã¡nh giÃ¡ nÃ³i chung hÃ i lÃ²ng vá»›i sá»‘ tiá»n bá» ra,4,Positive
Sáº£n pháº©m ok tuy nhiÃªn ai mua vá» cÃ y game thÃ¬ cÃ¢n nháº¯c báº£n cao hÆ¡n cÃ²n Xiaomi redmi note 13 4G nÃ y thÃ¬ cÃ y game lÃ¢u lÃ¢u lÃ¡c nÃªn dÃ¹ng cÃ¡i nÃ y nghe gá»i tÃ¡c vá»¥ bÃ¬nh thÆ°á»ng thÃ¬ quÃ¡ ok,4,Positive
Shop cho mk há»i vá»›i áº¡. Mk mua chiáº¿c realme c55 ngÃ y 15/12. NhÆ°ng Ä‘áº¿n bh mk dÃ¹ng thÃ¬ máº·t lÆ°ng cÃ³ dáº¥u hiá»‡u bá»‹ phá»“ng k va Ä‘áº­p hay rÆ¡i rá»›t vÃ  bá»‹ á»p áº¹p. Shop cÃ³ Ä‘á»•i mÃ¡y hay hoÃ n tiá»n Ä‘c k áº¡,3,Neutral
"TÃ”I CÃ“ THáº®C Máº®C.Má»›i mua Ä‘c 3 hÃ´m vá»›i giÃ¡ 4390tráº£ tháº³ng sao ko cÃ³ kÃ¨m theo tai nghe Bluetooth NhÃ¢n viÃªn há»i cÃ³ mua thÃªm tai nghe khÃ´ng TGDÄ TÃ¢n Thá»§y, Ba Tri, Báº¿n tre",3,Neutral
Ram 6 Gb má»Ÿ rá»™ng thÃªm 6Gb ná»¯a mÃ  cháº¡y tÃ¡c vá»¥ khÃ´ng á»•n Ä‘á»‹nh loading láº¡i tá»« Ä‘áº§u khÃ´ng ram Ä‘Ãºng 3Gb thÃ¬ Ä‘Ãºng hÆ¡n áº£o quÃ¡,3,Neutral
Náº¿u nhá»¯ng ngÆ°á»i trong táº§m giáº£i trÃ­ thÃ¬ ráº¥t ok hÃ ng ráº¥t tá»‘t vÃ  tráº£i nghiá»‡m khÃ¡ tá»‘t vá»›i láº¡i táº§m giÃ¡ cÃ´ng nhÃ¢n vÃ  sinh viÃªn cÅ©ng cÃ³ thá»ƒ vá»›i tá»›i Ä‘Æ°á»£c,5,Positive
ÄÃ´i khi cÃ¡c cuá»™c gá»i Ä‘áº¿n mÃ¬nh Ä‘ang nÃ³i chuyá»‡n thÃ¬ bá»‹ tá»± Ä‘á»™ng káº¿t thÃºc cuá»™c gá»i. MÃ¬nh táº¯t tÃ­nh nÄƒng tá»± Ä‘á»™ng r mÃ  nhiá»u lÃºc váº«n bá»‹ nhÆ° váº­y.,3,Neutral
MÃ¡y dÃ¹ng ok .khÃ¡ mÆ°á»£t chá»‰ lÃ  hÆ¡i nhanh háº¿t pin cÃ³ láº½ lÃ  vÃ¬ mÃ n hÃ¬nh lá»›n nÃªn cáº£m tháº¥y tá»¥t pin nhanh .ná»i chÃºng táº§m giÃ¡ nÃ y lÃ  quÃ¡ ok rá»“i,4,Positive
"Mua cho bá»‘, ngoáº¡i hÃ¬nh Ä‘áº¹p loa khÃ¡ xá»‹n, mÃ n hÃ¬nh tá»‘t, pin trÃ¢u ,sáº¡c nhanh. NhÃ¢n viÃªn phá»¥c vá»¥ ráº¥t nhiá»‡t tÃ¬nh",5,Positive
Tui cáº£m tháº¥y Ä‘iá»‡n thoáº¡i cá»§a tui tá»± nhiÃªn sao nÃ³ bá»‹ phÃ¹ gáº§n camera váº­y mong tháº¿ giá»›i di Ä‘á»™ng xem xÃ©t láº¡i dÃ¹m tui Ä‘c hong,3,Neutral
MÃ¬nh Ä‘a tá»«ng dÃ¹ng chip MediaTek nhÆ°ng dÃ¹ng sang con nÃ y cÃ³ chip MediaTek g88 tháº¥y ok mÆ°á»£t anh em nÃªn mua,4,Positive
Náº¿u mjh tráº£ gÃ³p.. thÃ¬ máº¥y thÃ¡ng sau náº¿u chÆ°a háº¿t chu ká»³.. mjh muá»‘n tráº£ háº¿t cÃ³ Ä‘c k? Hay lÃ  pháº£i tráº£ theo chu ká»³ áº¡,4,Positive
Ns chung sÃ i mÆ°á»£t sáº¡c nhanh hÆ¡n redminote11 Ä‘a nhiá»‡m sÃ i ok vs má»—i tá»™i pin ko cáº§m tÃ½ pin háº¿t hÆ¡i nhanh,5,Positive
"MÃ¡y Ä‘áº¹p,mÆ°á»£t,chá»¥p hÃ¬nh sáº¯c nÃ©t.Chá»‹ Quá»³nh á»Ÿ TGDÄ sá»‘ 8 HoÃ  BÃ¬nh - Ninh Kiá»u - Cáº§n ThÆ¡ tÆ° váº¥n nhiá»‡t tÃ¬nh dá»… thÆ°Æ¡ng.",5,Positive
MÃ n hÃ¬nh nhá» thÃªm tÃ½ ná»¯a . VÃ  máº¯t cam nhá» hÆ¡n vÃ  Ä‘á»ƒ chÃ¬m hÆ¡n sáº½ Ä‘áº¹p hÆ¡n. Camera nÃ©t hÆ¡n vÃ  thá»±c táº¿ hÆ¡n ná»¯a thÃ¬ nháº¥t luÃ´n.,4,Positive
5sao. Cho nhÃ¢n viÃªn. Äiá»‡n thoáº¡i má»›i mua hoáº¡t Ä‘á»™ng bÃ¬nh thÆ°á»ng. MÃ¬nh luÃ´n luÃ´n tin tÆ°á»Ÿng vá» cháº¥t lÆ°á»£ng cá»§a sáº£n pháº©m. ÄIá»†N MÃY SANH,4,Positive
cho em há»i mÃ¡y em mua khoáº£n Ä‘Æ°á»£c 8 thÃ¡ng cÃ²n trong thá»i gian báº£o hÃ nh mÃ¡y tuá»™t pin nhanh cÃ²n 87 thÃ¬ bÃªn tháº¿ giá»›i di Ä‘á»™ng cÃ³ chÃ­nh sÃ¡ch thay pin khÃ´ng áº¡,3,Neutral
"M tháº¥y dá»‹ch vá»¥ cá»§a tgdd ko cÃ²n Ä‘c tá»‘t nhÆ° trc, hÃ´m m Ä‘i mua ngoÃ i chÃº báº£o vá»‡ ra k ai tiáº¿p Ä‘Ã³n. Äáº¿n lÃºc m gá»i má»›i cÃ³ ng ra láº¥y mÃ¡y cho m. Qli thÃ¬ vá»«a Ä‘i vá»«a xem Ä‘t ráº¥t bÃ¬nh tÄ©nh.",3,Neutral
"Pin hiá»‡n táº¡i cá»§a mÃ¬nh tá»¥t ráº¥t nhanh . NgÃ y 3/1/2024 mÃ¬nh kiá»ƒm tra pin 96% , hÃ´m nay 12/1 pin chá»‰ cÃ²n 94%",3,Neutral
"M cáº£m tháº¥y pin nhanh háº¿t.bÃ¬nh thuong minh chá»‰ luot wed.nt thÃ´i mÃ  1 ngÃ y Ä‘Ã£ háº¿t pin. Trong khi ko xem phim, chÆ¡i game hay j cáº£. Liá»‡u váº­y cÃ³ sao ko nhá»‰. Ko dc bá»n pin cho láº¯m.hÆ¡i tháº¥t vá»ng",3,Neutral
"Em má»›i mua tá»« ngÃ y 4/11 xÃ i chÆ°a Ä‘Æ°á»£c 1 thÃ¡ng nhÆ°ng máº¥y hÃ´m gáº§n Ä‘aay cá»© Ä‘á»ƒ qua Ä‘Ãªm lÃ  nÃ³ láº¡i tá»¥t xuá»‘ng 10% pin, khÃ´ng hiá»ƒu sao láº­y váº­y áº¡. Tráº£ lá»i giÃºp e",3,Neutral
MÃ¡y em mua ngÃ y 12/10 Ä‘áº¿n nay ngÃ y 3/11 chÆ°a Ä‘áº§y 1 thÃ¡ng mÃ  pin Ä‘Ã£ tá»¥t tá»« 100 xuá»‘ng cÃ²n 99% thÃ¬ cÃ³ á»•n khÃ´ng áº¡,4,Positive
Sáº£n pháº©m tiá»n nÃ o cá»§a náº¥y . ÄÃ¡ng giÃ¡ nháº¥t phÃ¢n khÃºc hÆ¡n 10 cá»§ . Androi thua 1 nÄƒm náº¿u tÃ­nh Ä‘á»™ lÃ¢u dÃ i,5,Positive
"Äiá»‡n thoáº¡i má»›i, seal zin, cáº£m á»©ng mÆ°á»£t, nháº¡y, pin lÃ¢u. Sá»­ dá»¥ng tá»‘t, chÆ°a tháº¥y cÃ³ váº¥n Ä‘á» gÃ¬. Ráº¥t hÃ i lÃ²ng",5,Positive
mua 6/9 vá» vÃ i bá»¯a lÃªn ios 17 lá»—i tá»«a lÆ°a..ko báº­t táº¯t dá»¯ liá»‡u di Ä‘á»™ng á»Ÿ cá»­a sá»•..ko táº¯t dá»¯ liá»‡u di Ä‘á»™ng tá»«ng á»©ng dá»¥ng..ko táº¯t báº­t Ä‘c dá»¯ liá»‡u ná»n,2,Negative
tui mua Ä‘iá»‡n thÃ´i Æ¡i tháº¿ giá»›i di Ä‘á»™ng Ä‘á»™p há»p luÃ´n mÃ  bá»‹ há»Ÿ máº¯n hÃ¬nh rá»›t buá»“n . mua Ä‘Æ°á»£c 47 ngay . khÃ´ng cÃ³ lam rá»›t . sai ráº¥t ká»¹,1,Negative
Sáº£n pháº©m sá»­ dá»¥ng chÆ°a Ä‘Æ°á»£c 10 thÃ¡ng ná»¯a mÃ  háº¿t dÃ¢y cÃ¡p sáº¡c bá»‹ lá»—i rá»“i Ä‘áº¿n mÃ¡y bá»‹ lá»—i. MÃµi cÃ¡i Ä‘em Ä‘i báº£o hÃ nh tá»« 714 ngÃ y. BÃ³ tay. TÃ´i ráº¥t buá»“n khi mua sáº£n pháº©m nÃ y.,1,Negative
"NhÃ¢n viÃªn Huyá»n chÄƒm sÃ³c khÃ¡ch hÃ ng ráº¥t tá»‘t, tÆ° váº¥n nhiá»‡t tÃ¬nh láº¯m nha, mÃ¬nh mua táº¡i HÃ²n Chá»“ng, Nha Trang.",5,Positive
"Mua Ä‘Æ°á»£c gáº§n 1 tuáº§n theo Ä‘Ã¡nh giÃ¡ cÃ¡ nháº­n trong táº§m giÃ¡ nÃ y khÃ´ng cÃ³ Ä‘á»‘i thá»§, pin dÃ¹ng tá»‘t Ä‘Æ°á»£c khoáº£ng 1,5 ngÃ y náº¿u",5,Positive
Bay h minh may biet tai sao moi ngÆ°Æ¡Ì€i lai choÌ£n iPhone cam nhan khi chuyen tu Samsung sang iphone cam nhan dau tien la nhanh muot camera chi tiet rÃ¢Ìt sac neÌt nhan vien thi rÃ¢Ìt OK cam on caÌc b,5,Positive
Hiá»‡u nÄƒng cá»§a iPhone 11 Ä‘á»‰nh nhÆ°ng ios cao ko mÆ°á»£t nhÆ° iOS tháº¥p nhÆ° ios 15 Ä‘Æ°á»£c nhÆ°ng Ä‘Æ°á»£c má»™t Æ°u Ä‘iá»ƒm lÃ  xem Ä‘Æ°á»£c video 4k,5,Positive
Cháº¥t lÆ°á»£ng dá»‹ch vá»¥ cá»§a tháº¿ giá»›i Di Äá»™ng vÃ  bÃ¡ch hÃ³a xanh khÃ´ng tá»‘t . ThÃ¡i Ä‘á»™ xem thÆ°á»ng khÃ¡ch hÃ ng .,1,Negative
E cÃ³ mua 1 con ip11 hÃ g Ä‘Ã£ qua sá»­ pin 100% tá»« ngÃ y 26/11/2022 tá»›i hÃ´m nay lÃ  ngÃ y 26/3/2023 má»›i 4 thÃ¡g pin Ä‘Ã£ tuá»™t 8% tuá»™t liÃªn tá»¥c cÃ²n báº£o hÃ nh Apple tá»›i ngÃ y 4/10/2023,1,Negative
"NÃ³i chung xÃ i cx tá»‘t, mÃ n hÃ¬nh to vs lo tá»‘t pin thÃ¬ Ä‘Ã¡nh giÃ¡ táº§m trung thÃ´i camera chá»¥p pháº£i nÃ³i ráº¥t Ä‘áº¹p, Ä‘iá»ƒm trá»« lá»›n nháº¥t cÃ³ láº½ lÃ  máº·t lÆ°ng Ã­ dá»… xÆ°á»›c gÃ¢y máº¥t tháº©m mÄ© cá»±c . NÃ³i chung okay",4,Positive
Má»i thá»© Ä‘á»u tá»‘t PÃ¬n 3100 xÃ i 2 ngÃ y quÃ¡ tuyá»‡t vá»i há»‡ Ä‘iá»u hÃ nh Android pin 5k chá»‰ xÃ i Ä‘Æ°á»£c 1 ngÃ y. NhÃ¢n viÃªn tháº¿ giá»›i Di Äá»™ng á»Ÿ lai uyÃªn bÃ u bÃ ng bÃ¬nh dÆ°Æ¡ng phá»¥c vá»¥ nhiá»‡t tÃ¬nh ráº¥t tá»‘t ğŸ‘â­â­â­â­,5,Positive
DÃ¹ng cÅ©ng Ä‘c 7 thÃ¡ng r nhÆ°ng lÃºc má»›i Ä‘áº§u dung lÆ°á»£ng pin tuá»™t ráº¥t nhanh Ä‘áº¿n 95% thÃ¬ báº¯t Ä‘áº§u ko tháº¥y tuá»™t ná»¯a,4,Positive
Minh la khach hang than thiet cua tgdd..minh da tung mua hang ben tgdd may trÄƒm trieu roi cu vao lich su mua hang cua minh la biet.vi vay de nghi tgdd.phai co trach nhiem voi minh,1,Negative
"TÃ´i mua iPhone 11 vá» sá»­ dá»¥ng sÃ³ng yáº¿u, wifi quÃ¡ yáº¿u so vá»›i mÃ¡y hiá»‡u khÃ¡c, sÃ³ng thÆ°á»ng xuyÃªn 3 váº¡ch mang láº¡i TGDÄ há» nÃ³i bÃ¬nh thÆ°á»ng. QuÃ¡ buá»“n!",1,Negative
"MÃ¬nh Ä‘Ã£ mua Ä‘Æ°á»£c 2 tuáº§n, váº«n Ä‘ang dÃ¹ng tá»‘t. Hi vá»ng mÃ¡y sáº½ bá»n lÃ¢u vÃ¬ nhu cáº§u mÃ¬nh cÆ¡ báº£n cÃ´ng viá»‡c vÄƒn phÃ²ng.",4,Positive
KhuyÃªn má»i ngÆ°á»i khÃ´ng nÃªn mua iphone 11 nha .Camera tá»‡ láº¯m nhiá»…u vá»›i má» .Tháº¥t vá»ng vá» tgdd kinh khá»§ng.Ät mÃ¬nh mua Ä‘áº­p há»™p hÃ´m 17/08/2022 Ä‘áº¿n nay lÃ  hÆ¡n 13 ngÃ y mÃ  náº£n,1,Negative
"Sáº£n pháº©m dÃ¹ng ok, nhá» gá»n dá»… cáº§m náº¯m. Ráº¥t hÃ i lÃ²ng vÃ  ko há»‘i háº­n khi chuyá»ƒn tá»« 11promax sang, mÃ¡y mÃ¡t. pin thÃ¬ cÅ©ng Ä‘c. Ko Ä‘áº¿n má»©c quÃ¡ trÃ¢u",4,Positive
"má»›i mua lÃºc tá»‘i,, Ã¡p dá»¥ng táº¥t cáº£ cÃ¡c khuyáº¿n mÃ£i lÃ  12.. ngÃ y sau lÃªn xem cÃ²n cÃ³ 11490 chua ap dá»¥ng vnpay ná»¯a. chÃ¡n",4,Positive
Má»›i mua hÃ´m qua mÃ u tráº¯ng 64g Ä‘áº¹p mÃ  nhÃ¢n viÃªn tháº¿ giá»›i Di Äá»™ng táº¡i thá»‹ xÃ£ kiáº¿n tÆ°á»ng ráº¥t nhiá»‡t tÃ¬nh ná»¯a,5,Positive
"ÄÃ£ dÃ¹ng sáº£n pháº©m nÃ y Ä‘Æ°á»£c 1,5th nhÆ°ng pin váº«n 100%. Tiáº¿c lÃ  lÃªn 15.5 mÃ¡y hay bá»‹ nÃ³ng .nhÆ°ng váº«n Ä‘Ã¡nh giÃ¡ 5***. Tháº¥y mÃ¡y dÃ¹ng khÃ¡ á»•n.",5,Positive
Mua xong hÃ´m sau cÃ³ ngá»«Æ¡i gá»i Ä‘iá»‡n báº£o sáº½ mang tá»›i nhÃ  táº·ng phiáº¿u gÃ¬ Ä‘Ã³ mÃ  tá»›i nay gáº§n thÃ¡ng cÅ©ng khÃ´ng tháº¥y?,4,Positive
MÃ¡y má»›i mua gáº§n 3 thÃ¡ng khi call bá»‹ tÃ¨ nhÆ° tiáº¿ng rÃ o rÃ o Ã¨ Ã¨ trong khi ng Ä‘á»‘i diá»‡n thÃ¹ táº¯t mic váº«n rÃ¨ lá»›n ráº¥t khÃ³ chá»‹u nhá» kiá»ƒm tra láº¡i dÃ¹m em,3,Neutral
"MÃ¡y gáº·p lá»—i micro nghe gá»i, lÃªn gáº·p nhÃ¢n viÃªn k há»— trá»£, tháº¿ giá»›i di Ä‘á»™ng lÃ m Äƒn chÃ¡n láº¯m, kÃªu gá»­i hÃ nh báº£o hÃ nh, gá»­i cháº¯c tá»›i láº«n má»›i láº¥y mÃ¡y",1,Negative
Gá»i Mesenger qua dá»¯ liá»‡u Ä‘i Ä‘á»™ng cá»© bá»‹ lá»—i khÃ´ng thá»ƒ gá»i Ä‘Æ°á»£c. ÄÃ£ thá»­ má»i cÃ¡ch váº«n khÃ´ng Ä‘Æ°á»£c. Cáº§n nhÃ¢n viÃªn há»— trá»£,2,Negative
Cáº£m giÃ¡c loa mÃ¡y ráº¥t dÃ¨. K biáº¿t mua dÃ¹ng dc 30 ngÃ y chÆ°a dmx check thÃ´ng tin giÃºp mÃ¬nh. Nghe k mÆ°á»£t báº±ng ip11 cá»§a mn,3,Neutral
TÃ´i mua Ä‘iá»‡n thoáº¡i má»›i tá»« cuá»‘i thÃ¡ng 1 Ä‘áº¿n nay má»i thá»© váº«n bÃ¬nh thÆ°á»ng. TÃ´i ráº¥t thÃ­ch vÃ  ráº¥t hÃ i lÃ²ng vá» nhá»¯ng lá»£i Ã­ch mÃ  sáº£n pháº©m mang láº¡i cho tÃ´i.,5,Positive
MÃ¡y chá»©c nÄƒng nghe gá»i kÃ©m quÃ¡.mÃ¡y mÃ¬nh nghe gá»i cÃ³ lÃºc bá»‹ ngáº¯t quÃ£ng khÃ´ng nghe tháº¥y gÃ¬.chá»©c nÄƒng chÃ­nh mÃ  váº­y thÃ¬ khÃ´ng á»•n rá»“i,3,Neutral
E mua Ä‘iá»‡n thoáº¡i há»“i thÃ¡ng 2 xÃ i Ä‘áº¿n giá» pin cá»§a nÃ³ váº«n 100% nhÆ°ng sao lÆ°á»£ng pin cÃ³ nÃ³ láº¡i ráº¥t nhanh háº¿t,4,Positive
sao dt Ä‘á»ƒ qua Ä‘Ãªm tuá»™t 8 phan % pin v ah minh da ráº¥t het táº¥t cáº£ á»©ng dá»¥ng ngam tat mÃ n hÃ¬nh sÃ¡ng luÃ´n,3,Neutral
"NhÃ¢n viÃªn tiáº¿p Ä‘Ã³n chu Ä‘Ã¡o , nhiá»‡t tÃ¬nh . CÃ¡ch tÆ° váº¥n sáº£n pháº©m ráº¥t chuyÃªn nghiá»‡p nÃªn ko Ä‘á»‹nh mua nhg Ä‘Ã£ mua",5,Positive
Sáº£n pháº©m tháº­t tuyá»‡t vá»i Ä‘áº·c biá»‡t nhÃ¢n viÃªn á»Ÿ Ä‘Ã¢y ráº¥t nhiá»‡t tÃ¬nh vÃ  máº¿n khÃ¡ch cháº¯c cháº¯n sáº½ cÃ³ dá»‹p mÃ¬nh quay trá»Ÿ láº¡i Ä‘Ã¢y mua hÃ ng tiáº¿p,5,Positive
Cho em há»i em má»›i mua Ä‘c 1 thÃ¡ng máº¥y mÃ  tá»¥t pin cÃ²n 97% lÃ  sao áº¡ em xÃ i cá»§ sáº¡c dÃ¢y sáº¡c hÃ ng chÃ­nh hÃ£ng sau tá»¥t pin nhanh tháº¿ áº¡ 1 ngÃ y máº¥y em xÃ i 3h Ä‘áº¿n 4h hÃ ,3,Neutral
"CÅ©ng ngon. Má»—i tá»™i chÆ¡i game chÃ¡n, sáº¡c cháº­m. Táº¡i tá»« Xiaomi qua. Äc cÃ¡i Ä‘a nhiá»‡m IOS tá»‘t hÆ¡n Adr ráº¥t nhiÃªu",5,Positive
"MÃ¬nh sá»­ dá»¥ng táº§m khoáº£ng 3 thÃ¡ng váº«n cÃ²n 100% pin. MÃ¡y mÆ°á»£t láº¯m, pin trÃ¢u ná»¯a. NÃ³i chung lÃ  hÃ i lÃ²ng láº¯m !",5,Positive
"sáº£n pháº©m ráº¥t tá»‘t mÃ¬nh chá»‰ tháº¯c máº¯c Ä‘t mÃ¬nh Ä‘á»ƒ qua Ä‘Ãªm váº«n tuá»™t pin 3-4% dÃ¹ lÃ  táº¯t máº¡ng dá»¯ liá»‡u, wifi, vÃ  táº¯t cÃ¡c trang dÃ£ báº¥m k cÃ²n lá»‹ch sá»­ hoáº¡t Ä‘á»™ng?",5,Positive
Sao mÃ¬nh mua mÃ¡y bÃ³c seal vá» mÃ  ngay dung lÆ°á»£ng pin láº¡i cÃ³ dáº¥u * Ä‘á»ƒ lÃ  pin trÆ°á»›c khi hiá»‡u chá»‰nh v áº¡ ??,3,Neutral
"TÃ´i ráº¥t hÃ i lÃ²ng vÃ  yÃªn tÃ¢m khi mua sáº£n pháº©m táº¡i diá»‡n mÃ¡y xanh, vÃ¬ sáº£n pháº©m káº» Ä‘Ã¢y luÃ´n lÃ  chÃ­nh hÃ£ng.bá»Ÿi váº­y tÃ´i yÃªn tÃ¢m.!",5,Positive
"Mua á»Ÿ TGDÄ VÄ©nh Kim. 4 báº¡n nhÃ¢n viÃªn tiáº¿p Ä‘Ã£i ráº¥t nhiá»‡t tÃ¬nh. MÃ¡y thÃ¬ ngon rá»“i, khÃ´ng cÃ³ gÃ¬ Ä‘á»ƒ chÃª. 5 sao!",5,Positive
"MÃ¡y mÃ u Ä‘en ráº¥t Ä‘áº¹p ráº¥t hÃ i lÃ²ng vá»›i sáº£n pháº©m, nhÃ¢n viÃªn Ä‘mx bÃªn tt káº» Sáº·t BÃ¬nh Giang Háº£i DÆ°Æ¡ng ráº¥t nhiá»‡t tÃ¬nh .",5,Positive
"NhÃ¢n viÃªn ráº¥t nhiá»‡t tÃ¬nh, mÃ¡y mÃ u xanh ráº¥t Ä‘áº¹p, pin trÃ¢u. LÃ¢u dÃ i chÆ°a biáº¿t tháº¿ nÃ o nhÆ°ng giá» ráº¥t vá»«a Ã½, chÆ°a chÃª Ä‘Æ°á»£c cÃ¡i gÃ¬.",5,Positive
"Má»›i mua hÃ´m nay luÃ´n, vá» kiá»ƒm tra lÃ  bá»‹ váº­y, ko biáº¿t cÃ³ sao ko luÃ´n. CÃ¢y iphone mua trÆ°á»›c Ä‘Ã¢u gáº·p váº¥n Ä‘á» nÃ y",2,Negative
nhÃ¢n viÃªn tÆ° váº¥n kg nhiá»‡t tÃ¬nh . chÆ°a xong khÃ¡ch hÃ ng nay bá» Ä‘i tÆ° váº¥n khÃ¡ch hÃ ng khÃ¡c lÃ m Ä‘á»£i máº¥t thá»i gian khÃ´ng tÃ´n trá»ng khÃ¡ch hÃ ng,3,Neutral
MÃ¡y ok tá»‘t hÃ ng chuáº©n há»£p vá»›i giÃ¡ tiá»n mÃ u Ä‘áº¹p Mng nÃªn mua mÃ¡y ráº¥t mÆ°á»£t pin cÅ©ng táº¡m Ä‘c pin xÃ i khoáº£ng 3h5. Äáº¿n 4h mÃ¡y sáº¡c ráº¥t nhanh khoáº£ng 1h lÃ  Ä‘áº§y r,5,Positive
"MÃ¡y mua tá»« 27/10/2021 Ä‘áº¿n hÃ´m nay chÆ°a Ä‘Æ°á»£c 2 thÃ¡ng mÃ  xem pin Ä‘Ã£ tá»¥t xuá»‘ng cÃ²n 96% rá»“i, cá»¥c pin cháº¯c cÃ³ váº¥n Ä‘á» quÃ¡.",4,Positive
"Vá»«a má»›i mua hÃ´m qua...h nay láº¡i sá»¥t giÃ¡ nhiá»u váº­y , buá»“n lÃ²ng...vá» pháº§n mÃ¡y hiá»‡n táº¡i tháº¥y ráº¥t ok...nhÃ¢n viÃªn nhiá»‡t tÃ¬nh",4,Positive
"MÃ¬nh má»›i mua Ä‘t Ä‘Æ°á»£c 3 ngÃ y má»i thá»©u Ä‘á»u á»•n, nhÆ°ng gá»i video bÃªn zalo vÃ  mess loa bá»‹ rÃ¨ vÃ  vá»ng tiáº¿ng, cÃ¡ch kháº¯c phá»¥c nhÆ° nÃ o áº¡",4,Positive
"MÃ¬nh má»›i mua 3 ngÃ y mÃ  báº­t thá»­ backtap khÃ´ng Ä‘Æ°á»£c áº¡, Ä‘Ã£ reset cÅ©ng khÃ´ng Ä‘Æ°á»£c. Giá» mÃ¬nh fix lÃ m sao lá»—i nÃ y áº¡.",4,Positive
Cáº£m Æ¡n nhÃ¢n viÃªn Quang vÃ  nhÃ¢n viÃªn duyÃªn tgdd TÃ¢n Háº£i lagi bÃ¬nh thuáº­n Ä‘Ã£ tÆ° váº¥n nhiá»‡t tÃ¬nh mÃ¡y cháº¡y mÆ°á»£t cam Ä‘áº¹p,5,Positive
MÃ¬nh mua ip11 64gb há»“i thÃ¡ng 8 dÃ¹ng sáº¡c 20w ngÃ y sáº¡c 2 láº§nâ€¦cÅ©ng sÃ i ká»¹ láº¯m mÃ  dung co 4 thÃ¡ng cÃ²n 98% theo quan Ä‘iá»ƒm cÃ¡ nhÃ¢n mÃ¬nh tháº¥y pin tháº­t sá»± tá»‡ğŸ˜ªğŸ˜ªğŸ˜ª,3,Neutral
Mk mua tu 21/9 Ä‘áº¿n nay dc gáº§n 2 thÃ¡ng mÃ  dÃ¹ng sáº¡c feck cá»§a iPad chÆ¡i game ngÃ y sáº¡c 4-5 láº§n váº«n 100% pin :)) k dÃ¹ng sáº¡c chÃ­nh hÃ£ng luÃ´n.. sáº£n pháº©m ráº¥t tá»‘t,5,Positive
SÃ i 11 cÅ©ng ok pháº¿t nhÆ°ng cÃ³ Ä‘iá»u mua cá»¥c sáº¡c 20w á»Ÿ táº¡i tgdd vá» luÃ´n mÃ  sáº¡c 1 thÃ¡ng pin cÃ²n 99%.. cáº£m tháº¥y pin 11 khÃ¡ tá»‡,4,Positive
"e mua má»›i Ä‘Æ°á»£c gáº§n 3 thÃ¡ng thÃ´i mÃ  dung lÆ°á»£ng pin tá»‘i Ä‘a Ä‘Ã£ tá»¥t xuá»‘ng cÃ²n 96% , hao nhanh kinh khá»§ng mÃ  e sá»­ dá»¥ng vÃ  sáº¡c pin ráº¥t quy cá»§ :(( giá»¯ mÃ¡y cá»±c kÃ¬",3,Neutral
E má»›i mua 11 tá»« 29/10 Ä‘Æ°á»£c hÆ¡n thÃ¡ng mÃ¡y khÃ´ng lá»—i láº§m gÃ¬ bÃ¢y giá» cá»§a hÃ ng mua láº¡i Ä‘Æ°á»£c bao nhiÃªu áº¡. MÃ¡y mua bÃªn tgdd áº¡,4,Positive
"Pin dÃ¬ hao pin nhÆ° gÃ¬ luÃ´n, mua Ä‘c 8 thÃ¡ng pin cÃ²n 88%, mang ra tgdd thÃ¬ kiá»ƒu Ä‘á»•i lá»—i cho mÃ¬nh, cÅ©ng kh cáº§n kt nÃ³i Ä‘Æ°a Ä‘i báº£o trÃ¬ cv thÃ´i, chÃ¡n",1,Negative
MÃ¡y má»›i sá»­ dá»¥ng 9 thÃ¡ng nay tháº¥y pin cÃ²n 92% váº­y cÃ³ á»•n khÃ´ng admin Æ¡i. Tráº£ lá»i giÃºp vá»›i. Má»›i sá»­ dá»¥ng iPhone tháº¥y hoang mang quÃ¡,3,Neutral
"DÃ¹ng gáº§n 4 thÃ¡ng,má»—i láº§n dÃ¹ng pin ráº¥t nÃ³ng,má»—i láº§n sáº¡c pin cÅ©ng ráº¥t nÃ³ng,cáº§m cáº£m giÃ¡c nhÆ° pin bá»‹ phá»“ng lÃªn,cÃ³ cÃ¡ch nÃ o giáº£i quyáº¿t k ?",3,Neutral
"MÃ¡y chÃ­nh hÃ£ng Apple, bÃ³c seal khi nháº­n hÃ ng, ráº¥t yÃªn tÃ¢m khi mua sáº¯m á»Ÿ ÄMX. Sáº½ cÃ²n á»§ng há»™ cÃ´ng ty !",5,Positive
"Ip 11 cÃ³ há»— trá»£ tÃ­nh nÄƒng sáº¡c nhanh, váº­y náº¿u k dÃ¹ng cá»§ sáº¡c nhanh Ä‘á»ƒ sáº¡c mÃ¡y thÃ¬ cÃ³ áº£nh hÆ°á»Ÿng gÃ¬ tá»›i pin khÃ´ng?",3,Neutral
Äiá»‡n thoáº¡i iPhone 11 e má»›i mua cÃ³ 5 thÃ¡ng sau pin tuá»™t nhanh quÃ¡ dáº­y con co 95 pin e cÃ³ thá»ƒ Ä‘em ra cá»­a hÃ ng kiá»ƒm tra láº¡i Ä‘Æ°á»£c khÃ´ng,3,Neutral
Má»›i mua tra gop hqua. Æ°u Ä‘iá»ƒm Pin trÃ¢u cam Ä‘áº¹p. K hÃ i lÃ²ng vá» tin nháº¯n áº¥n chá»¯ bá»‹ lá»‡chğŸ˜” . Chá»‹ nhÃ¢n viÃªn tÆ° váº¥n rÃ¢t nhiá»‡t tÃ¬nh vÃ  dá»… thÆ°Æ¡ngâ™¥ï¸,4,Positive
Má»›i mua ip11 cháº¡y ios 14.4.2 mÃ¡y ráº¥t nÃ³ng vÃ  nhanh tuá»™t pin. Khi cáº­p nháº­t lÃªn ios 15 thÃ¬ háº¿t tÃ¬nh tráº¡ng trÃªn vÃ  cháº¡y ráº¥t mÆ°á»£t (chia sáº» Ä‘áº¿n mn) nhÃ¢n viÃªn tgdÄ‘ ráº¥t nhiá»‡t tÃ¬nh,5,Positive
MÃ¬nh mua mÃ¡y Ä‘á»•i tráº£ á»Ÿ tgdd mÃ  lÃºc Ä‘i cáº§m ngÆ°á»i ta bÃ¡o lÃ  mÃ¡y Ä‘Ã£ bá»‹ bung vÃ  thay pin cÃ¡c kiá»ƒu lÃ  sao váº­y nhá»‰,3,Neutral
Má»›i mua dc 3 ngÃ y mÃ  sáº¡c pin háº¿t 6 láº§n. MÃ¡y nÃ³ng pin tá»¥t láº¹. Mua dt mÃ  k dÃ¡m sÃ i Ä‘á»ƒ dÃ nh pin cÃ´ng viá»‡c. Ko biáº¿t lÃ  lá»—i do Ä‘Ã¢u,2,Negative
"MÃ¬nh mua mÃ¡y ngÃ y 21.10.2021, Hiá»‡n táº¡i gÃ³c mÃ n hÃ¬nh mÃ¡y bá»‹ kÃªnh lÃªn, nhÆ° hÃ¬nh mÃ¬nh Ä‘Ã­nh kÃ¨m. Cho mÃ¬nh há»i lá»—i nÃ y thÃ¬ cÃ³ Ä‘á»•i tráº£ mÃ¡y Ä‘Æ°á»£c hay khÃ´ng?",3,Neutral
"Cho mÃ¬nh há»i mÃ¬nh má»›i mua ip11 bÃªn mÃ¬nh lÃºc trÆ°a. Tá»‘i nay mÃ¬nh sáº¡c thÃ¬ tháº¥y mÃ¡y bá»‹ nÃ³ng lÃªn, tháº¿ cÃ³ bá»‹ lÃ m sao k áº¡?",4,Positive
"MÃ¡y vá»«a tay, hÆ¡i náº·ng chÃºt. ChÆ¡i game tá»‘t vÃ  pin trÃ¢u, loa áº¥m vÃ  sÃ¢u, cam ráº¥t tá»‘t. MÃ n khÃ´ng Ä‘Æ°á»£c sáº¯c nÃ©t láº¯m. 15tr thÃ¬ váº«n nÃªn mua ip11 Ä‘á»ƒ Ä‘áº¡t Ä‘Æ°á»£c Ä‘á»™ tin cáº­y cao nháº¥t.",5,Positive
"MÃ¡y mua má»›i Ä‘Ãºng 1 thÃ¡ng, máº·c gÃ¬ sÃ i ráº¥t ká»‰ , sÃ i tá»›i 20% lÃ  sáº¡c, canh khoáº£ng 1h30 phÃºt vá»«a Ä‘á»§ 100% lÃ  ngáº¯t Ä‘iá»‡n ,nhÆ°ng hiá»‡n táº¡i thÃ¬ pin cÃ²n 99% , tháº¥t vá»ng",2,Negative
Mua gáº§n 7 thÃ¡ng chá»‰ dÃ¹ng fb gá»i Ä‘iá»‡n zalo mÃ  sá»¥t pin. CÃ²n 93%. Náº£n. TrÆ°á»›c mua con 7 plus dÃ¹ng 3 nÄƒm má»›i 90%. QuÃ¡ chÃ¡n.,2,Negative
"Buá»“n. LÃºc mua k Ä‘á»ƒ Ã½ cam. Chá»‰ chá»¥p thá»­, vá» nhÃ  má»›i tháº¥y trong cam cÃ³ háº³n 2háº¡t bá»¥i. Máº¥y tháº©m Má»¹ quÃ¡. MÃ  k biáº¿t cÃ²n Ä‘á»•i Ä‘c ná»¯a k",3,Neutral
"MÃ¡y nÃ³ng,báº¯t sÃ³ng kÃ©m , cáº£m á»©ng ko kiá»ƒu chá»¯ nhá» lÃ  báº¥m lá»‡ch.chÃ­p ko máº¡nh.báº¥m tin nháº¯n trÃ² chuyá»‡n khi chÆ¡i game mÃ  báº¥m thá»© 2 chá»§ nháº­t má»›i ná»•i.thua mÃ¡y trung quá»‘c ná»¯a",2,Negative
MÃ¬nh mua ip11 xong Ä‘Æ°á»£c táº·ng 1 cÃ¡i tháº» viettel mÃ  náº¡p láº¡i bÃ¡o lÃ  thuÃª bao quÃ½ khÃ¡ch khÃ´ng Ä‘Æ°á»£c hÃ´ trá»£ mÃ¬nh vá»›i,5,Positive
MÃ¬nh má»›i mua xong 13/8/2021 s k Ä‘c giáº£m giÃ¡. NhÆ° trÃªn Ã¡p giÃ¡ chÆ°a giáº£m lÃ  17trieu490 chá»‰ Ä‘Æ°á»£c giáº£m 1 triá»‡u cÃ²n 16490,4,Positive
"Ac cho m há»i ip 11 m mua ngÃ y 15/7/2021 Ä‘áº¿n bÃ¢y giá» thÃ¬ pin sáº¡c 91% lÃ  bÃ¡o Ä‘Ã£ sáº¡c Ä‘áº§y pin, sÃ³ng sim thÃ¬ khi nÃ o cÅ©ng 1 - 2 váº¡ch. NhÆ° váº­y tgdd há»— trá»£ Ä‘á»•i mÃ¡y k?",2,Negative
Camera chá»¥p hÃ¬nh bá»‹ nhiá»…u vÃ  má». CÃ³ cÃ¡ch nÃ o kháº¯c phá»¥c khÃ´ng áº¡. MÆ¡i mua mÃ¡y 2 ngay cÃ³ Ä‘á»•i dc mÃ¡y ko áº¡,2,Negative
cho e há»i ip11 cá»§a em khÃ´ng lÃ m j tá»± nhiÃªn nÃ³ báº£o bá»‹ nhiá»…m 8 virus lÃ  sao áº¡ mong ad giáº£i thÃ­ch dÃ¹m em,5,Positive
"Ä‘Ã¢y lÃ  áº£nh lá»—i cá»§a pháº§n pháº£n há»“i trÆ°á»›c cá»§a em áº¡ Dáº¡o nÃ y nÃ³ cá»© bá»‹ náº·ng hÆ¡n. CÃ¡i tai nghe cÃ³ dÃ¢y em mua 790k, náº¿u lÃ  lá»—i vá» tai nghe thÃ¬ em cÃ²n Ä‘Æ°á»£c báº£o hÃ nh khÃ´ng áº¡",4,Positive
Ae dÃ¹ng ngoÃ i trá»i 1 lÃºc cÃ³ bá»‹ nÃ³ng phÃ­a dÆ°á»›i mÃ n hÃ¬nh gáº§n chÃ¢n sáº¡c k. Chá»© cá»§a e nÃ³ nÃ³ng pháº§n dÆ°á»›i Ä‘áº¥y,3,Neutral
"Cho mÃ¬nh há»i mÃ¡y mÃ¬nh ip11 IOS 14.5.1 giá» nÃ¢ng cáº¥p lÃªn báº£n 14.7 cÃ³ á»•n ko nhá»‰, mÃ¡y dÃ¹ng tháº¥y khÃ¡ nÃ³ng",3,Neutral
Camera khi chá»¥p cÃ³ flash nÃ³ ra nhÆ° váº­y. MÃ¬nh cÃ³ dÃ¡n cÆ°á»ng lá»±c camera. KhÃ´ng biáº¿t nhÆ° váº­y cÃ³ áº£nh hÆ°á»Ÿng flash khÃ´ng. Mong pháº£n há»“i. Cáº£m Æ¡n.,4,Positive
MÃ¬nh mua iphone 11 chÆ°a Ä‘Æ°á»£c 1 thÃ¡ng nhÆ°ng cÃ³ lÃºc bá»‹ Ä‘Æ¡ mÃ¡y lÃ  bá»‹ sao váº­y? BÃªn tgdd tÆ° váº¥n cho mÃ¬nh vá» hiá»‡n tÆ°á»£ng nÃ y vá»›i,3,Neutral
Cáº£m nháº­n ban Ä‘áº§u tháº¥y khÃ¡ ok.. pin trÃ¢u. Camera tá»‘t . Game thÃ¬ khá»i pháº£i nÃ³i ná»¯a r.. chá»‰ cÃ³ cÃ¡i mÃ n hÃ¬nh nhÆ°ng cÅ©ng cháº¥p nháº­n dc,5,Positive
MÃ¡y dÃ¹ng tá»‘t. Ip váº«n cÃ³ sá»± khÃ¡c bá»t riÃªng. DÃ¹ng quen rá»“i Ä‘á»•i sang Ä‘t khÃ¡c ko dÃ¹ng dc láº¡i quay vá» ip.,4,Positive
mÃ¡y sá»­ dá»¥ng tá»‘t. má»›i mua 16tr490 giá» láº¡i giáº£m hÆ¡n 15tr xÃ­u . khuyáº¿n mÃ£i nhá»u quÃ¡ mua trÆ°á»›c cÃ³ 2 ngÃ y mÃ  máº¯c hÆ¡n 1tr,4,Positive
Má»›i mua hÃ´m qua táº¡i thá»‹ tráº¥n tÃ¢n chÃ¢u . ğŸ˜œ tháº¥y sÃ i ok Ä‘Ã³ giá» toÃ n mua iphone samsung á»Ÿ tgdd sÃ i cÃ¡i nÃ o cÅ©ng ok,5,Positive
mÃ¬nh dÃ¹ng Ä‘Æ°á»£c 1 thÃ¡ng rÆ°á»¡i thÃ¬ pin cÃ²n 99% dÃ¹ xáº¡c ráº¥t cáº©n tháº­n . Vá»›i tÃ¬nh tráº¡ng nÃ y cháº¯c cÃ²n giáº£m theo thá»i gian!!!!!,3,Neutral
"Vá»«a lÃ m con Ä‘á» xong, canh sale mÃ£i má»›i dc má»©c giÃ¡ vá»«a Ã½, cháº¿ Ä‘á»™ mua online ok nhÆ° khi mua á»Ÿ cá»­a hÃ ng, chá»‰ cÃ³ cÃ¡i ko Ä‘c cÃ¡c em xinh tÆ°Æ¡i phá»¥c vá»¥ niá»m ná»Ÿ thÃ´i =))",5,Positive
MÃ¡y pin khÃ¡ lÃ  trÃ¢u dÃ¹m 2 ngÃ y náº¿u tÃ¡t vá»¥ bÃ¬nh thÆ°á»ng cÃ²n game thÃ¬ táº§m 1 ngÃ y camera khÃ¡ lÃ  xáº¥u nÃªn thÃªm Ã¡p lÃ  ok tÃ¡t vá»¥ nhanh mÆ°á»£t,4,Positive
"Sao mÃ¬nh má»›i mua ip11 64g á»Ÿ tgdd má»›i. MÃ  vá» xáº¡c sá» máº·t sau mÃ n hÃ¬nh tÃª tÃª, liá»‡u cÃ³ gai do cá»¥c xáº¡c??? Cá»§ xáº¡c mua thÃªm hÆ¡n 600k zin, cÃ¡p theo mÃ¡y? Mong dc pháº£n há»“i",3,Neutral
"Cho mÃ¬nh há»i, mÃ¬nh mua ip 11 Ä‘Æ°á»£c 6 ngÃ y, mÃ¡y mÃ¬nh má»—i láº§n sá»­ dá»¥ng camera táº§m 1p lÃ  báº¯t Ä‘áº§u nÃ³ng dáº§n lÃªn. ÄÃ¢y lÃ  do mÃ¡y nhÆ° váº­y hay bá»‹ lá»—i? Mong Ä‘Æ°á»£c há»— trá»£",3,Neutral
"Mua ip11 chÃ­nh hÃ£ng VN/A cáº¯m sáº¡c ráº¥t cáº©n tháº­n, váº­y mÃ  má»›i xÃ i Ä‘Ãºng 1 thÃ¡ng, pin xuá»‘ng cÃ²n 99%. Cháº¥t lÆ°á»£ng kiá»ƒu nÃ y ai mÃ  dÃ¡m xÃ i. Bá»¯a nay láº¡i xuáº¥t hiá»‡n thÃªm trÃ¬nh trang nÃ³ng mÃ¡y khi xem phim ná»¯a. ChÃ¡n",2,Negative
Cáº£m tháº¥y pin hÃ ng VN/A cá»§a TGDÄ khÃ´ng Ä‘c tá»‘t. Má»›i mua Ä‘áº§u thÃ¡ng 2 mÃ  giá» pin 99%. Cáº¯m sac ráº¥t cáº©m tháº­n. Trc mua con 8+ chÆ°a háº¿t nÄƒm thÃ¬ pin cÃ²n 89%. Tháº¥t vá»ng,2,Negative
"MÃ¡y em má»›i mua 3 ngÃ y mÃ  em sáº¡c dá»± phÃ²ng cho mÃ¡y qua Ä‘Ãªm Ä‘áº¿n sÃ¡ng mÃ  sáº¡c váº«n chÆ°a xong, tá»‘i mÃ¡y em cÃ²n Ä‘áº¿n 46% mÃ  sÃ¡ng thÃ¬ háº¿t trÆ¡n pin táº¯t nguá»“n luÃ´n váº­y pin cá»§a mÃ¡y em cÃ³ bá»‹ hÆ° kh áº¡",4,Positive
"SÃ i Ä‘Æ°á»£c 2 thÃ¡ng r chÆ°a pt s nhÆ°ng s bao xá»‹n sÃ² luÃ´n, camera ráº¥t Ä‘áº¹p , mÃ n hÃ¬nh nháº¡y nÃ³i chung oke hong cÃ²n tá»« nÃ o diá»…n táº£ â¤ï¸",5,Positive
"iphone 11 cá»§a e má»›i mua á»Ÿ tháº¿ giá»›i di Ä‘á»™ng Ä‘Æ°á»£c hÆ¡n 1 thÃ¡ng, e chá»‰ lÆ°á»›t fb tiktok vÃ  youtube mÃ  giá» dung lÆ°á»£ng pin Ä‘Ã£ bá»‹ giáº£m cÃ²n 97% lÃ  sáº¡o áº¡",2,Negative
Mua sÃ¡ng nay má»i thá»© Ä‘á»u ráº¥t ok nhÆ°ng váº«n cÃ³ cáº£m giÃ¡c pin tá»¥t hÆ¡i nhanh :v thÃ´i Ä‘á»ƒ cáº¯m máº¥y láº§n Ä‘áº§u 8h r test páº¡i xem sao .,4,Positive
Sáº£n pháº©m vá» loa nghe gá»i bÃ¬nh thÆ°á»ng cÃ²n gá»i Zalo hay Facebook ráº¥t rÃ¨. NhÃ¢n viÃªn tgdÄ‘ ko cÃ³ muá»‘n giÃºp khÃ¡ch hÃ ng kháº¯c phá»¥c,2,Negative
Sao ip 11 mÃ¬nh má»›i mua 3 thÃ¡ng giá» nÃ³ bá»‹ gÃ¬ mÃ  tá»± khá»Ÿi Ä‘á»™ng láº¡i qÃ i lun báº¥m chá»«ng 5 10p lÃ  nÃ³ láº¡i bá»‹ k pk cÃ³ váº¥n Ä‘á» gÃ¬ vá» bin k,3,Neutral
Sau khi chá»¥p xong 3 táº¥m áº£nh Ä‘á»‘i diá»‡n Ã¡nh sÃ¡ng thÃ¬ camera gÃ³c rá»™ng cÃ³ cháº¥m xanh nhÆ° tháº¿ nÃ y áº¡ (Ä‘Æ°á»£c khoanh vÃ¹ng mÃ u Ä‘á»).gÃ³c siÃªu rá»™ng chá»‰ tháº¥y cháº¥m xanh má».,1,Negative
MÃ¬nh má»›i mua iphone 11 64g. Vá» sá»­ dá»¥ng má»¥c Ä‘Ã­ch bÃ¡n onl mÃ  khÃ´ng lÆ°u Ä‘Æ°á»£c hÃ¬nh áº£nh trÃªn Zalo vÃ  message lÃ m cÃ¡ch nÃ o Ä‘á»ƒ kháº¯c phá»¥c vÃ¢y áº¡.dÃ¹ bÃ´ nhá»› iPhone cÃ²n táº­n 50g,3,Neutral
"Má»›i mua mÃ¡y hÃ´m 25/4 mÃ¡y tá»¥t pin quÃ¡ nhanh, tá»« 100% xÃ i Ä‘Æ°á»£c khoáº£ng 2 -3 tiáº¿ng lÃ  Ä‘Ã£ xuá»‘ng dÆ°á»›i 20%, xÃ i ráº¥t Ã­t nhÆ°ng tá»›i 15h chiá»u lÃ  Ä‘Ã£ háº¿t pin, nhá» TGDD há»— trá»£ ktra hoáº·c Ä‘á»•i mÃ¡y khÃ¡c áº¡?",3,Neutral
TÃ´i mua vá» Ä‘Æ°á»£c 2 ngÃ y mÃ¡y lá»—i há»ng loa bÃªn dÆ°á»›i vÃ  nghe tai nghe máº¥t 1 tai qua cá»­a hÃ ng nhÃ¢n viÃªn kháº¯c phá»¥c mÃ£i khÃ´ng Ä‘Æ°á»£c nÃªn tÃ´i tháº¥y cháº¥t lÆ°á»£ng ko hÃ i lÃ²ng,1,Negative
"Mua dÃ¹ng Ä‘Æ°á»£c hÆ¡n ná»­a thÃ¡ng, tráº£i nghiá»‡m oke, pin dÃ¹ng Ä‘Æ°á»£c lÃ¢u ,nhÆ°ng cÃ³ lÃºc chá»‰ nghe nháº¡c thÃ´i mÃ  Ä‘iá»‡n thoáº¡i cÅ©ng nÃ³ng",4,Positive
"MÃ¬nh mua iphone nÃ y ngÃ y 21- 3 , vá» dÃ¹ng nhá»¯ng ngÃ y Ä‘áº§u á»•n, nhÆ°ng thá»i gian sau bá»‹ nÃ³ng mÃ¡y tgdd há»— trá»£ mÃ¬nh lá»—i nÃ y nha",3,Neutral
"Mua báº£n mÃ u xanh ráº¥t Ä‘áº¹p, mua mÃ u khÃ¡c háº³n cÃ¡c mÃ¡y khÃ¡c, mua trc Táº¿t bÃ¢y giá» má»›i vÃ o comment Pin khoáº», mÃ¡y Ä‘áº¹p, phÃ¹ há»£p giÃ¡ tiá»n, mua Ä‘Ãºng Ä‘á»£t giáº£m 16,4tr. VÃ¢nz thÃ­ch mua TGDD hÆ¡n vÃ¬ hÃ ng Ä‘áº£m báº£o",5,Positive
"ÄÃ£ mua vÃ  dÃ¹ng Ä‘Æ°á»£c 3 ngÃ y. Cáº£m nháº­n mÆ°á»£t. NhÆ°ng mÃ¡y quÃ¡ nÃ³ng, nháº¥t lÃ  á»Ÿ khu vá»±c gáº§n camera nÃ³ng lan xuá»‘ng pháº§n dÆ°á»›i mÃ¡y. Nhá» TGDD tÆ° váº¥n giÃºp hay Ä‘á»•i mÃ¡y khÃ¡c áº¡?",3,Neutral
"Sau 1 Ä‘Ãªm khÃ´ng sd, táº¯t háº¿t 4g vÃ  cÃ¡c á»©ng dá»¥ng khÃ¡c thÃ¬ pin váº«n tá»¥t 5%, Ä‘t báº¯t sÃ³ng wifi ráº¥t yáº¿u. Wifi cÃ´ng ty máº¡nh ai cÅ©ng sá»­ dá»¥ng Ä‘Æ°á»£c mÃ  khi tÃ´i dÃ¹ng Ä‘t má»›i nÃ y khÃ´ng goi Ä‘Æ°á»£c cáº£ zalo",3,Neutral
"MÃ¡y má»›i mua Ä‘Æ°Æ¡c táº§m 10 ngÃ y nhanh háº¿t pin cá»±c ká»³, táº¯t wifi Ä‘á»ƒ tá»« tá»‘i tá»›i sÃ¡ng cÅ©ng hao pin, dÃ¹ng cá»¡ trÃªn 20p liÃªn tá»¥c lÃ  mÃ¡y nÃ³ng",2,Negative
Khi mÃ¬nh chá»¥p 1 bá»©c áº£nh rá»“i. mÃ¬nh báº¥m má»Ÿ áº£nh lÃªn. thÃ¬ mÃ¬nh tháº¥y áº£nh bá»‹ má»... sau khoáº£ng 1 giÃ¢y - 2 giÃ¢y thÃ¬ áº£nh nÃ³ hiá»‡n rÃµ nÃ©t láº¡i.... cÃ¡i Ä‘Ã³ bi lá»—i gÃ¬ váº­y anh? hay lÃ  iphone 11 nÃ³ lÃ  váº­y..... tks anh,5,Positive
XÃ i gáº§n Ä‘c 1 thÃ¡ng nÃ³i chung mÃ¡y Ä‘áº¹p xÃ i ráº¥t ok . Ai cÃ³ Ã½ Ä‘á»‹nh há»‘t e nÃ y zia thÃ¬ triá»ƒn liá»n Ä‘i áº¡ğŸ˜˜ğŸ˜˜ğŸ˜˜ğŸ˜˜ğŸ˜˜,5,Positive
"Mua Ä‘Æ°á»£c 1 thÃ¡ng táº¡i HÃ²n Chá»“ng Nha Trang ,xÃ i ráº¥t Ok pin á»•n nhÃ¢n viÃªn nhiá»‡t tÃ¬nh ,nhÆ°ng sao loa xÃ i Ä‘Æ°á»£c cÃ³ bÃªn pháº£i váº­y do loa hÆ° hay mÃ¡y váº­y",5,Positive
iPhone 11 má»›i mua mÃ  sao cá»© tá»± Ä‘á»™ng chá»¥p áº£nh mÃ n hÃ¬nh hoÃ i v áº¡ cáº­p nháº­t pháº§n má»m Ä‘Æ°á»£c 3 hÃ´m thÃ¬ r nÃ³ cÅ©ng v,2,Negative
Mua má»›i dc cÃ³ 5 ngÃ y vá» sáº­p nguá»“n :)) ra tgdd thÃ² báº£o pháº£i chá» Ä‘á»£i 7-14 ngÃ y. Bá» sá»‘ tiá»n ra mua mÃ  bh báº¯t pháº£i chá» Ä‘á»£i hÃ£ng lá»›n mÃ  sao lÃ m Äƒn kÃ¬ v,1,Negative
"Em má»›i mua ip11 Ä‘Æ°á»£c 10 ngÃ y, mÃ  pin sau 1 Ä‘Ãªm giáº£m 5-6% luÃ´n v áº¡ ( em kh chÆ¡i game chá»‰ lÆ°á»›t web, trc khi ngá»§ táº¯t háº¿t wifi, Bluetooth ,...rá»“i áº¡)",4,Positive
"Má»›i mua mÃ¡y cÃ¡ch Ä‘Ã¢y vÃ i ngÃ y, cho há»i táº¡i sao khi sá»­ dá»¥ng mÃ¡y láº¡i bá»‹ nÃ³ng má»™t bÃªn ngay bÃªn cÃ³ nÃºt nguá»“n, vá»›i pin tuá»™t nhanh quÃ¡",3,Neutral
E mua mÃ¡y Ä‘c má»™t tuáº§n chá»‰ nghe nháº¡c lÆ°á»›t fb pin tá»¥t quÃ¡ nhanh mÃ¡y nÃ³ng dÃ¹ng Ä‘Æ°á»£c ná»­a ngÃ y háº¿t pin xin há»™ trá»£,1,Negative
Má»›i mua iphone 11 ngÃ y 02/02/21 mÃ  Camera bá»‹ flare náº·ng quÃ¡ cÃ³ Ä‘Æ°á»£c Ä‘á»•i mÃ¡y ko áº¡? Thegioididong táº¿t cÃ³ lÃ m viá»‡c ko áº¡?,3,Neutral
MÃ¡y mua ngÃ y 10/02/2021 vá» gá»i zalo nÃ³i chuyá»‡n chÆ°a Ä‘Æ°á»£c 5phÃºt mÃ  mÃ¡y nÃ³ng muá»‘n phá»ng tay luÃ´n ... giá» lÃ m cÃ¡ch nÃ o mÃ¡y cÅ©ng nÃ³ng ... kiá»ƒu nÃ y sao xÃ i Ä‘Æ°á»£c TGDÄ Æ¡i,3,Neutral
Ip cá»§a tÃ´i mua Ä‘Æ°á»£c hÆ¡n 10 ngÃ y bá»‹ trÃ³c miáº¿ng nhá»±a Ä‘áº±ng sau mang Ä‘i hÃ£ng Ä‘á»•i nhÆ°ng hÃ£ng khÃ´ng chÃ¡n tháº­t,1,Negative
"Ip cá»§a mÃ¬nh luÃ´n tá»± giáº£m Ã¢m lÆ°á»£ng chuÃ´ng lÃ  sao áº¡, Ä‘Ã£ táº¯t tÃ­nh nÄƒng nháº­n biáº¿t sá»± chÃº Ã½ rá»“i mÃ  váº«n k Ä‘Æ°á»£c",3,Neutral
"Äiá»‡n thoáº¡i nhá» gá»n, sá»§ dá»¥ng mÆ°á»£t. Máº·c dÃ¹ mÃ n hÃ¬nh khÃ´ng pháº£i lÃ  OLED nhÆ°ng cÅ©ng ráº¥t Ä‘áº¹p khÃ´ng rá»— nhÆ° má»i ngÆ°á»i Ä‘Ã¢u. nÃ³i chung má»i thá»©c Ä‘iá»u OK",5,Positive
Má»›i mua Ä‘Æ°á»£c má»™t tuáº§n cÅ©ng á»•n tuy nhiÃªn mÃ n hÃ¬nh hÆ¡i rá»• vÃ  Ã¡m vÃ ng. Mua mÃ u tráº¯ng khÃ¡ Ä‘áº¹p nhÃ¢n viÃªn táº­n tÃ¬nh chu Ä‘Ã¡o.,4,Positive
MÃ¬nh má»›i mua ip 11 báº£n thÆ°á»ng dÃ¹ng Ä‘Æ°á»£c tuáº§n chÆ°a há» rÆ¡i nhÆ°ng mÃ n hÃ¬nh thá»‰ng thoáº£ng bá»‹ chá»›p sá»c ngang mÃ u. Cho há»i lá»—i pháº§n má»m hay pháº§n cá»©ng cá»§a nhÃ  sáº£n xuáº¥t cÃ³ há»— trá»£ Ä‘á»•i mÃ¡y khÃ´ng?,3,Neutral
MÃ¬nh vá»«a mua iphone 11 mÃ u tráº¯ng 64gb á»Ÿ TGDÄ . NhÃ¢n viÃªn phá»¥c vá»¥ ráº¥t lÃ  táº­n tÃ¬nh vÃ  chu Ä‘Ã¡o . Dá»… thÆ°Æ¡ng vÃ  hÃ²a Ä‘á»“ng vá»›i khÃ¡ch hÃ ng. NÃ³i chung lÃ  ráº¥t hÃ i lÃ²ng vÃ  Ok ğŸ¥°,5,Positive
Má»›i mua hÃ´m 27/12 nch hÃ i lÃ²ng vá» sáº£n pháº©m . Pin nhÆ° nÃ y thÃ¬ Ä‘á»§ dÃ¹ng má»i tÃ¡c vá»¥ cÆ¡ báº£n cho 1 ngÃ y . MÃ¡y ráº¥t Ä‘áº¹p nv tÆ° váº¥n nhiá»‡t tÃ¬nh . Thanks.....,5,Positive
Má»›i mua Ä‘c 1 tuáº§n Sáº£n pháº©m ráº¥t tá»‘t nhÃ¢n viÃªn siÃªu nhiá»‡t tÃ¬nh áº¡ sáº½ giá»›i thiá»‡u ngÆ°á»i thÃ¢n vÃ  gia Ä‘Ã¬nh chá»¥p hÃ¬nh,5,Positive
"MÃ¡y khi sá»­ dá»¥ng r nÃ³ng, pin hao ráº¥t nhanh, Ä‘i lÃ m tá»« sÃ¡ng tá»›i chiá»u, chá»‰ dÃ¹ng khi cÃ³ tin nháº¯n hoáº·c gá»i Ä‘iá»‡n , buá»•i trÆ°a lÆ°á»›t máº¡ng khoáº£ng 1 tiáº¿ng mÃ  cuá»‘i ngÃ y ko cÃ²n pin",3,Neutral
Má»›i mua Ä‘Æ°á»£c 3 ngÃ y xÃ i tá»‘t nhÃ¢n viÃªn tÆ° váº¥n nhiá»‡t tÃ¬nh . nhÆ°ng sao cÃ¡i imess vá»›i Facetime kh kÃ­ch hoáº¡t sÄ‘t Ä‘Æ°á»£c v ?,4,Positive
MÃ¡y thÃ¬ OK rá»“i.nhÆ°ng sao mÃ¬nh táº¡o App Store khÃ´ng Ä‘Æ°á»£c váº­y.nÃ³ Ä‘Ã£ gá»Ÿi mÃ£ xÃ¡c minh cho mÃ¬nh rá»“i mÃ¬nh nháº­p vÃ o thÃ¬ nÃ³ báº£o mÃ£ khÃ´ng Ä‘Ãºng . MÃ´ng Anh chá»‹ giÃºp em vá»›i áº¡,5,Positive
Má»›i mua Ä‘Æ°á»£c má»™t ngÃ y. MÃ¬nh dÃ¹ng mÆ°á»£t. CÃ³ Ä‘iá»u Ä‘iá»‡n thoáº¡i bá»‹ nÃ³ng pháº§n bÃªn pháº£i. NÃ³ng chá»— vÃ¹ng nÃºt nguá»“n. LÃ  bá»‹ gÃ¬ váº­y áº¡?,4,Positive
Má»›i mua Ä‘Æ°á»£c 3 ngÃ y ngoÃ i SÃ i ngon Ä‘Ãºng mÃ¬nh mua mÃ¬nh dÃ¹ng má»›i biáº¿t Ä‘Æ°á»£c nhÆ° nÃ o nhÆ°ng náº¿o khÃ´ng bat tiáº¿t kiá»‡m pin thÃ¬ Ä‘á»ƒ khÃ´ng SÃ i gÃ¬ máº¥t 5% báº­t tiáº¿t kiá»‡m khÃ´ng bá»‹ - pin mÃ¡y tá»‘t,5,Positive
Mua táº¡i TGDÄ QL50 tt.Cáº§n ÄÆ°á»›c á»•n Ã¡p thá»±c sá»± sau 1 thÃ¡ng sá»­ dá»¥ng. APPLE nÃªn láº¯ng nghe ngÆ°á»i dÃ¹ng vá» pin vÃ¬ hay nÃ³ng vÃ  mau háº¿t. TGDÄ 5sao,5,Positive
Cho mÃ¬nh há»i lÃ  ip11 khi xem video chá»‰ nghe Ã¢m thanh Ä‘Æ°á»£c 1 loa bÃªn pháº£i Ã  cÃ²n loa bÃªn trÃ¡i sao khÃ´ng nghe luÃ´n,4,Positive
"MÃ¡y sÃ i dc 12 ngÃ y ok, 6 ngÃ y cÃ²n láº¡i ko nháº­n sim 2 láº§n, pháº£i chá» gá»­i vá» hÃ£ng xem xÃ©t, bá» 18tr ra Ä‘á»ƒ ngá»“i chá» mÃ¡y vá», quÃ¡ bá»±c bá»™i, tháº¥t vá»ng tháº­t luÃ´n",1,Negative
"Mua mÃ¡y ngÃ y 8/9/20 giao táº­n nhÃ  vá»›i giÃ¡ tiá»n 17,990k nÃ³i chung chÆ¡i game liÃªn tá»¥c 4-5h, cpu khÃ¡ nÃ³ng cháº¯c do Ä‘iá»ƒm chung cá»§a chip nÃ³ tháº¿, mÃ¡y bao mÆ°á»£t vÃ  chá»¥p Ä‘Ãªm hay thiáº¿u sÃ¡ng Ä‘áº¹p nhÆ° pixel",5,Positive
MÃ¬nh má»›i xÃ i Ä‘Æ°á»£c 7 thÃ¡ng xuá»‘ng 7% pin. Cháº£ hiá»ƒu mÃ¡y má»›i kiá»ƒu gÃ¬ ná»¯a. DÃ¹ng cÆ¡ báº£n lÆ°á»›t web cÆ¡ báº£n game ko chÆ¡i,1,Negative
"MÃ¬nh mua mÃ¡y Ä‘uá»c gáº§n 3 thÃ¡ng pin cÃ²n 99% thÃ¬ cÃ³ pháº£i Ä‘Ã£ bá»‹ chai pin khÃ´ng áº¡, vÃ  mÃ¬nh cÃ³ cáº§n man Ä‘i báº£o hÃ nh khÃ´ng",4,Positive
"Má»›i mua 1 ngÃ y vÃª cáº£m nháº­n lÃ  hÆ¡i náº·ng so vÃ  dÃ y, thiáº¿t káº¿ Ä‘áº¹p nhÆ°ng mÃ  mÃ¬nh lÃ  ngÆ°á»i Æ°a nhá» gá»n nÃªn lá»¡ mua cÃ¡i nÃ y cáº£m tháº¥y ko thoÃ£i mÃ¡i.",3,Neutral
Sao mÃ¬nh mua mÃ¡y vá» dÃ¹ng thÃ¬ mÃ¡y cháº¡y ráº¥t mÆ°á»£t nhÆ°ng má»—i tá»™i sáº¡c pin thÃ¬ nÃ¢u quÃ¡ váº­y sáº¡c 5h 6h má»›i Ä‘áº§y Ä‘Æ°á»£c váº­y,4,Positive
Em Ä‘Ã¡nh giÃ¡ khÃ¡ tá»‘t vá» sáº£n pháº©m nÃ y nhÆ°ng cho em há»i sao sau 1 Ä‘Ãªm sp bá»‹ hao pin nhiá»u tháº¿ áº¡. Trung bÃ¬nh sau 1 Ä‘Ãªm máº¥t 10% pin,5,Positive
Má»›i mua cÃ¡ch Ä‘Ã¢y gáº§n má»™t thÃ¡ng. Má»i thá»© Ä‘á»u ráº¥t tá»‘t nhÆ°ng pin em xÃ i má»›i Ä‘Ã¢y Ä‘Ã£ bá»‹ chai 1 pháº§n trÄƒm rá»“i :(((,5,Positive
"Phá»¥c vá»¥ táº­n tÃ¬nh, chu Ä‘Ã¡o, mÃ¡y dÃ¹ng tá»‘t, thÃªm chÆ°Æ¡ng trÃ¬nh giáº£m giÃ¡ ná»¯a quÃ¡ tuyá»‡t vá»i. Pháº£i vÃ o Ä‘Ã¡nh giÃ¡ ngay",5,Positive
"Má»›i mua mÃ¡y Ä‘Æ°á»£c 1 ngÃ y, tháº¥y má»i thá»© váº«n á»•n, pin sÃ i Ä‘c lÃ¢u, camera chá»¥p tá»‘t. MÃ n hÃ¬nh nháº¡y, má»i thá»© tá»‘t.",4,Positive
MÃ¡y rung khÃ¡ Ãªm nÃªn nhiá»u lÃºc cÃ³ cuá»™c gá»i khÃ´ng biáº¿t! VÃ¬ lÃ­ Ä‘o cÃ´ng viá»‡c nÃªn mÃ¡y chá»‰ Ä‘á»ƒ rung k Ä‘á»ƒ chuÃ´ng nhiá»u khi lá»¡ cuá»™c gá»i,3,Neutral
"T mua ip11 cÃ¡ch Ä‘Ã¢y hÆ¡n 1th. Má»›i láº¥y vá» thÃ¬ xÃ i ráº¥t ok. Äáº¿n ngÃ y thá»© 25 thÃ¬ pin tuá»™t nhanh. Theo dÃµi 3ngÃ y váº«n váº­y nÃªn má»›i mang ra tgdd Ä‘á»ƒ kiá»ƒm tra. Ät thÃ¡o sim ko cháº¡y á»©ng dá»¥ng,",1,Negative
21tr chá»¥p bÃ¬nh thÆ°á»ng thÃ¬ Ä‘áº¹p mÃ  zoom lÃªn bá»‹ noise xáº¥u qÃ¡ :(( khÃ´ng biáº¿t cÃ³ pháº£i do pháº§n má»m hay gÃ¬ ná»¯a ...,3,Neutral
Äiá»‡n thoáº¡i sÃ i á»•n nhÆ°ng khÃ´ng hiá»ƒu sao cá»© Ä‘á»ƒ khÃ´ng qua Ä‘Ãªm lÃ  bá»‹ sá»¥t máº¥t 10-12% máº·c dÃ¹ Ä‘Ã£ táº¯t háº¿t Ä‘a nhiá»‡m,5,Positive
"mÃ¡y má»›i dÃ¹ng 2 thÃ¡ng, sáº¡c pin xong mÃ¡y nÃ³ng ran, khÃ´ng dÃ¹ng ná»¯a Ä‘i ngá»§ , sÃ¡ng ra dÃ¹ng Ä‘Æ°á»£c 20 phÃºt mÃ¡y láº¡i nÃ³ng ran khÃ´ng hiá»ƒu ná»•i",2,Negative
"ÄÃ£ mua Ä‘Æ°á»£c máº¥y ngÃ y , cáº£m tháº¥y má»i thá»© Ä‘á»u ráº¥t tá»‘t ngoáº¡i trá»« cÃ¡i mÃ n hÃ¬nh nÃ³i tháº­t mÃ  hÆ¡i tá»‡ thÃ´i. NÃ³i chung lÃ  hÃ i lÃ²ng",5,Positive
tá»‘c Ä‘á»™ lÆ°u áº£nh cháº­m ko khÃ¡c j con ip6 cÃ³ lÃºc cÃ²n bá»‹ Ä‘Æ¡!ra há»i nhÃ¢n viÃªn kÃªu con nÃ y nhiá»u tÃ­nh nÄƒng hÆ¡n nÃªn lÆ°u cháº­m lÃ  bÃ¬nh thÆ°á»ngğŸ˜‚!nghe muá»‘n Ä‘áº­p dt Ä‘i vá» dÃ¹ng ip6 cho rá»“i! cÃ³ ai bá»‹ nhÆ° mÃ¬nh ko?,2,Negative
ÄÃ£ mÃºc em nÃ³ mua tráº£ gÃ³p cho cu báº¡n! XÃ i Ã´ tÃ´ kÃª. so vá»›i trong táº§m giÃ¡ váº«n vÆ°á»£t trá»™i hÆ¡n má»i con khÃ¡c :D,5,Positive
Má»›i dÃ¹ng 2 thÃ¡ng nhÆ°ng nay thá»‰nh thoáº£ng máº¥t káº¿t ná»‘i sim pháº£i chá»c sim ra r láº¯p láº¡i má»›i bÃ¬nh thÆ°á»ng @@,3,Neutral
"Sáº£n pháº©m quÃ¡ tuyá»‡t vá»i, má»i thá»­ diá»…n ra nhanh ngoÃ i mong Ä‘á»£i, nhÃ¢n viÃªn vui váº». Mong TGDÄ sá»›m cÃ³ dá»‹ch vá»¥ dÃ¡n mÃ¡y PPF.",5,Positive
"Sp tuyá»‡t vá»i xÃ i ráº¥t ngon, mÃ n hÃ¬nh Ä‘áº¹p k cÃ³ rá»— nhÆ° má»i ngÆ°á»i nÃ³i, pin trÃ¢u bÃ², lÆ°á»›t face, zalo, chÆ¡i game mÃ  dc gáº§n 1,5 ngÃ y.",5,Positive
ÄÃ£ mua hÆ¡n má»™t thÃ¡ng rá»“i váº«n váº«n xÃ i ráº¥t Ãªm . Thiáº¿t káº¿ sang trá»ng - nhiá»u mÃ u sáº¯c Ä‘á»ƒ lá»±a chá»n. Äáº·c biá»‡t trÃ£i nghiá»‡m á»©ng dá»¥ng chÆ¡i game ráº¥t mÆ°á»£t.,5,Positive
Táº¥t cáº£ má»i thá»© Ä‘á»u á»•n trá»« cÃ¡i mÃ n hÃ¬nh ra. Æ¯á»›c gÃ¬ mÃ n ngon hÆ¡n 1 chÃºt thÃ¬ Ä‘Ã¢y lÃ  sáº£n pháº©m tuyá»‡t vá»i nháº¥t,4,Positive
"Ráº¥t tuyá»‡t vá»i. MÃ¡y Ä‘áº¹p,cháº¡y mÆ°á»£t hÆ¡n cáº£ mong Ä‘á»£i. Camera Ä‘áº¹p, cáº¥u hÃ¬nh cá»±c máº¡nh, mÃ u sáº¯c Ä‘áº¹p. NhÃ¢n viÃªn nhiá»‡t tÃ¬nh,vui váº».",5,Positive
"mÃ¡y ráº¥t mÆ°á»£t, chÆ¡i game Ä‘Ã£, camera Ä‘áº¹p, thÃ¡i Ä‘á»™ nhÃ¢n viÃªn vui váº» nhiá»‡t tÃ¬nh, cÃ³ Ä‘iá»u mÃ¬nh mua mÃ¡y má»›i thÃ¬ muá»‘n tá»± tay bÃ³c seal hÆ¡n. chá»‹ nhÃ¢n viÃªn tá»± bÃ³c há»™p, tá»± bÃ³c dt mÃ  mÃ¬nh xÃ³t háº¿t cáº£ ruá»™t @@",4,Positive
"ÄÃ£ khiÃªng 1 em vá» dÃ¹ng. Ráº¥t tuyá»‡t luÃ´n. MÃ n hÃ¬nh sáº¯c nÃ©t, chá»¥p áº£nh miá»…n chÃª, pin qua á»•n. NhÃ¢n viÃªn phá»¥c vá»¥ ráº¥t nhiá»‡t tÃ¬nhâ¤ï¸â¤ï¸â¤ï¸",5,Positive
"MÃ u sáº¯c Ä‘áº¹p, hoÃ n thiá»‡n tá»‘t, cáº¥u hÃ¬nh cá»±c máº¡nh, pin trÃ¢u, mÃ n hÃ¬nh khÃ´ng rá»±c rá»¡ nhÆ° mong Ä‘á»£i, nhÆ°ng dÃ¹ng táº§m 1 ngÃ y lÃ  quen, dÃ¹ng lÃ¢u khÃ´ng má»i máº¯t, mÃ n hÃ¬nh á»•n, khÃ´ng tá»‡ nhÆ° lá»i Ä‘á»“n, ráº¥t hÃ i lÃ²ng.",5,Positive
"Vá»«a khui lÃºc sÃ¡ng ! Má»i thá»© tháº­t tuyá»‡t vá»i ! MÃ¡y pin trÃ¢u , mÆ°á»£t , nhanh , mÃ n hÃ¬nh ráº¥t nÃ©t ...! Cáº§m náº·ng tay xÃ­u vÃ¬ tá»« i6 lÃªn mÃ  ! ğŸ˜‚ğŸ˜‚ğŸ˜‚",5,Positive
MÃ¡y báº¯t sÃ³ng wifi kÃ©m. Cáº£m biáº¿n vÃ¢n tay vÃ  khuÃ´n máº·t khÃ´ng nháº¡y. KhÃ´ng tháº¥y xuáº¥t hiá»‡n báº£n ghi Ã¢m cuá»™c gá»i. Loa nghe khÃ´ng hay,2,Negative
Má»›i mua chÆ°a biáº¿t sao nhÆ°ng chÆ°a tÃ¬m tháº¥y má»¥c hÃ¬nh áº£nh khi chá»¥p nhÆ° cÃ¡c mÃ¡y khÃ¡c. Pháº£i vÃ o tá»‡p tin hoáº·c gÃ´drver. Mong st chá»‰ cÃ¡ch,5,Positive
"Sáº£n pháº©m thá»±c sá»± ráº¥t tá»‘t trong táº§m giÃ¡, Ä‘Ã£ dÃ¹ng dc 2 tuáº§n mÃ¡y cháº¡y ráº¥t máº¡nh vÃ  mÆ°á»£t khÃ´ng phÃ¡t sinh lá»—i gÃ¬",5,Positive
"Cáº¥u hÃ¬nh á»•n. Má»—i tá»™i mau nÃ³ng mÃ¡y vs tá»¥t pin qua nhanh, má»›i lÆ°á»›t fb 1 tÃ­ mÃ  Ä‘Ã£ nÃ³ng nÃ³ng rá»“i. Pin thÃ¬ k dÃ¹ng gÃ¬ nhiá»u mÃ  tá»¥t nhanh láº¯m",3,Neutral
